날짜,조던1 하이 다크모카,조던1 하이 스모크그레이,조던1 하이 하이퍼로얄,조던1 미드 그레이포크,조던1 미드 스모크그레이,조던1 미드 울프그레이,조던1 미드 짐레드,조던1 로우 스타피쉬,조던1 로우 울프그레이,조던1 로우 트레비스 스캇,나이키 덩크하이 네이비,나이키 덩크하이 범고래,나이키 덩크하이 오렌지,나이키 덩크 로우 골든로드 ,나이키 덩크 로우 라이트본,나이키 덩크 로우 바시티그린,나이키 덩크 로우 범고래,나이키 덩크 로우 유니버시티블루,나이키 덩크로우 코스트,뉴발란스 992 그레이,뉴발란스 992 네이비,뉴발란스 992 블랙그레이,뉴발란스 992 화이트실버,뉴발란스 993 그레이,뉴발란스 993 네이비,뉴발란스 993 블랙
2020-11-01,0.0,7.14285,0.0,0,3.46938,0.0,0.0,0.0,0.0,0.0,0.0,0.0,0.0,0.0,0.0,0.0,0.0,0.0,0.0,7.47217,4.531,0.0,0.71542,31.99268,7.49542,14.99085
2020-11-02,0.0,9.5238,0.0,0,3.57142,0.0,0.61224,0.0,0.0,0.0,0.0,0.0,0.0,0.0,0.0,0.0,0.0,0.0,0.0,9.37996,3.5771,0.0,0.63593,23.76599,7.12979,13.34552
2020-11-03,0.0,5.95238,0.0,0,2.85714,0.0,0.91836,0.0,0.0,0.0,0.0,0.0,0.0,0.0,0.0,0.0,0.0,0.0,0.0,9.77742,3.17965,0.0,0.47694,30.53016,8.04387,24.49725
2020-11-04,8.33333,7.14285,0.0,0,3.67346,0.0,0.5102,0.0,0.0,0.0,0.0,0.0,0.0,0.0,0.0,0.0,0.0,0.0,0.0,12.48012,4.21303,0.0,0.39745,34.18647,7.67824,20.47531
2020-11-05,0.0,0.0,0.0,0,2.95918,0.0,0.5102,0.0,0.0,0.0,0.0,0.0,0.0,0.0,0.0,0.0,0.02591,0.0,0.0,11.44674,2.22575,0.0,0.55643,36.9287,6.76416,18.46435
2020-11-06,0.0,0.0,0.0,0,4.18367,0.0,0.0,0.0,0.0,0.0,0.0,0.0,0.0,0.0,0.0,0.0,0.02159,0.0,0.0,13.593,3.97456,0.0,1.11287,39.12248,6.76416,19.92687
2020-11-07,0.0,5.95238,0.0,0,3.06122,0.0,0.0,0.0,0.0,0.0,0.0,0.0,0.0,0.0,0.0,0.0,0.0,0.0,0.0,11.84419,4.45151,0.0,0.0,33.45521,4.57038,18.28153
2020-11-08,5.95238,9.5238,0.0,0,2.7551,0.0,0.0,0.0,0.0,0.0,0.0,0.0,0.0,0.0,0.0,0.0,0.0,0.0,0.0,15.26232,7.31319,0.0,0.0,37.47714,10.7861,37.11151
2020-11-09,5.95238,5.95238,0.0,0,3.87755,0.0,0.0,0.0,0.0,0.0,0.0,0.0,0.0,0.0,0.0,0.0,0.0,0.0,0.0,13.19554,7.2337,0.0,0.55643,37.47714,10.96892,31.80987
2020-11-10,7.14285,0.0,0.0,0,3.77551,0.0,0.5102,0.0,0.0,0.0,0.0,0.0,0.0,0.0,0.0,0.0,0.0,0.0,0.0,13.99046,7.47217,0.0,0.39745,41.13345,13.1627,34.73491
2020-11-11,21.42857,0.0,0.0,0,4.48979,0.0,0.0,0.0,0.0,0.0,0.0,0.0,0.0,0.0,0.0,0.0,0.0,0.0,0.0,13.19554,10.96979,0.0,0.0,39.3053,16.81901,25.0457
2020-11-12,19.04761,0.0,0.0,0,4.18367,0.0,0.0,0.0,0.0,0.0,0.0,0.0,0.0,0.0,0.0,0.0,0.0,0.0,0.0,15.58028,6.99523,0.0,0.63593,38.57404,14.44241,19.19561
2020-11-13,100.0,0.0,0.0,0,5.71428,0.0,0.0,0.0,0.0,0.0,0.0,0.0,0.0,0.0,0.0,0.0,0.0,0.0,0.0,17.2496,8.26709,0.0,0.0,31.99268,15.72212,19.74405
2020-11-14,17.85714,0.0,0.0,0,4.48979,0.0,0.5102,0.0,0.0,0.0,0.0,0.0,0.0,0.0,0.0,0.0,0.0,0.0,0.0,17.72655,8.58505,0.0,0.55643,38.93967,13.52833,17.00182
2020-11-15,11.90476,7.14285,0.0,0,3.87755,0.0,0.0,0.0,0.0,0.0,0.0,0.0,0.0,0.0,0.0,0.0,0.0,0.0,0.0,19.79332,9.22098,0.0,0.0,40.76782,13.52833,19.56124
2020-11-16,13.09523,0.0,0.0,0,3.87755,0.0,0.0,0.0,0.0,0.0,0.0,0.0,0.0,0.0,0.0,0.0,0.0,0.0,0.0,20.74721,7.71065,0.47694,0.0,40.21937,13.89396,21.20658
2020-11-17,9.5238,14.28571,0.0,0,4.59183,0.0,0.0,0.0,0.0,0.0,0.0,0.0,0.0,0.0,0.0,0.0,0.0,0.0,0.0,22.33704,7.47217,0.0,0.0,42.23034,10.96892,15.35648
2020-11-18,7.14285,0.0,0.0,0,4.28571,0.0,0.5102,0.0,0.0,0.0,0.0,0.0,0.0,0.0,0.0,0.0,0.0,0.0,0.0,19.55484,6.83624,0.0,0.0,36.56307,7.86106,13.89396
2020-11-19,27.38095,7.14285,0.0,0,4.69387,0.0,0.0,0.0,0.0,0.0,0.0,0.0,0.0,0.0,0.0,0.0,0.0,0.0,0.0,18.36248,7.07472,0.0,0.39745,36.9287,7.49542,17.18464
2020-11-20,51.19047,8.33333,0.0,0,4.79591,0.0,0.0,0.0,0.0,0.0,0.0,0.0,0.0,0.0,0.0,0.0,0.0,0.0,0.0,16.21621,7.15421,0.0,0.0,33.63802,12.06581,33.63802
2020-11-21,16.66666,9.5238,0.0,0,6.42857,0.0,1.83673,0.0,0.0,0.0,0.0,0.0,0.0,0.0,0.0,0.0,0.0,0.0,0.0,16.2957,7.15421,0.0,0.0,35.8318,8.95795,23.21755
2020-11-22,14.28571,8.33333,0.0,0,5.40816,0.0,1.22448,0.0,0.0,0.0,0.0,0.0,0.0,0.0,0.0,0.0,0.02159,0.0,0.0,20.66772,7.47217,0.0,0.0,41.31627,10.96892,20.65813
2020-11-23,15.47619,8.33333,0.0,0,6.22448,0.0,1.42857,0.0,0.0,0.0,0.0,0.0,0.0,0.0,0.0,0.0,0.0,0.0,0.0,18.20349,6.04133,0.0,0.0,38.02559,7.49542,21.20658
2020-11-24,0.0,9.5238,0.0,0,5.10204,0.0,1.12244,0.0,0.0,0.0,0.0,0.0,0.0,0.0,0.0,0.0,0.0,0.0,0.0,16.05723,5.16693,0.0,0.0,41.13345,10.96892,17.55027
2020-11-25,7.14285,8.33333,0.0,0,6.73469,0.0,0.71428,0.0,0.0,0.0,0.0,0.0,0.0,0.0,0.0,0.0,0.0,0.0,0.0,20.74721,6.12082,0.0,0.55643,44.78976,8.22669,22.12065
2020-11-26,5.95238,8.33333,0.0,0,6.73469,0.0,0.5102,0.0,0.0,0.0,0.0,0.0,0.0,0.0,0.0,0.0,0.0,0.0,0.0,25.11923,5.00794,0.0,0.0,38.75685,10.05484,23.03473
2020-11-27,5.95238,0.0,0.0,0,6.83673,0.0,0.71428,0.0,0.0,0.0,0.0,0.0,0.0,0.0,0.0,0.0,0.0,0.0,0.0,21.54213,5.88235,0.0,0.79491,38.75685,4.20475,21.93784
2020-11-28,0.0,8.33333,0.0,0,5.30612,0.0,0.81632,0.0,0.0,0.0,0.0,0.0,0.0,0.0,0.0,0.0,0.0,0.0,0.0,19.87281,7.79014,0.0,0.0,40.21937,5.30164,21.38939
2020-11-29,0.0,5.95238,0.0,0,4.69387,0.0,0.0,0.0,0.0,0.0,0.0,0.0,0.0,0.0,0.0,0.0,0.0,0.0,0.0,22.57551,6.2798,0.0,0.0,45.70383,10.96892,22.48628
2020-11-30,0.0,0.0,0.0,0,4.59183,0.0,0.0,0.0,0.0,0.0,0.0,0.0,0.0,0.0,0.0,0.0,0.0,0.0,0.0,20.9062,7.15421,0.0,0.0,43.14442,8.95795,19.56124
2020-12-01,0.0,16.66666,0.0,0,5.40816,0.0,0.5102,0.0,0.0,0.0,0.0,0.0,0.0,0.0,0.0,0.0,0.0,0.0,0.0,24.80127,8.82352,0.0,0.71542,52.28519,14.44241,22.85191
2020-12-02,5.95238,11.90476,0.0,0,6.53061,0.0,0.0,0.0,0.0,0.0,0.0,0.0,0.0,0.0,0.0,0.0,0.0,0.0,0.0,24.4833,6.75675,0.0,0.0,56.85557,22.30347,35.10054
2020-12-03,0.0,0.0,0.0,0,6.32653,0.0,0.61224,0.0,0.0,0.0,0.0,0.0,0.0,0.0,0.0,0.0,0.03455,0.0,0.0,19.39586,6.04133,0.0,0.63593,39.12248,8.59232,25.77696
2020-12-04,0.0,17.85714,0.0,0,2.85714,0.0,0.5102,0.0,0.0,0.0,0.0,0.0,0.0,0.0,0.0,0.0,0.03023,0.0,0.0,23.6089,5.96184,0.0,0.0,46.98354,5.66727,21.20658
2020-12-05,0.0,0.0,0.0,0,6.22448,0.0,0.61224,0.0,0.0,0.0,0.0,0.0,0.0,0.0,0.0,0.0,0.0,0.0,0.0,23.84737,6.91573,0.0,0.0,48.62888,8.59232,20.47531
2020-12-06,0.0,0.0,0.0,0,5.10204,0.0,0.0,0.0,0.0,0.0,0.0,0.0,0.0,0.0,0.0,0.0,0.02159,0.0,0.0,21.38314,4.92845,0.0,0.63593,49.54296,11.70018,21.75502
2020-12-07,0.0,9.5238,0.0,0,5.10204,0.0,0.71428,0.0,0.0,0.0,0.0,0.0,0.0,0.0,0.0,0.0,0.03023,0.0,0.0,19.71383,5.64387,0.0,0.39745,41.13345,8.22669,20.47531
2020-12-08,0.0,7.14285,0.0,0,4.59183,0.0,0.0,0.0,0.0,0.0,0.0,0.0,0.0,0.0,0.0,0.0,0.0,0.0,0.0,20.34976,5.32591,0.0,0.0,43.51005,8.95795,22.6691
2020-12-09,11.90476,14.28571,0.0,0,5.61224,0.0,0.71428,0.0,0.0,0.0,0.0,0.0,0.0,0.0,0.0,0.0,0.0,0.0,0.0,18.60095,4.37201,0.0,0.0,43.87568,10.42047,21.75502
2020-12-10,0.0,0.0,0.0,0,6.22448,0.0,0.5102,0.0,0.0,0.0,0.0,0.0,0.0,0.0,0.0,0.0,0.0,0.0,0.0,19.47535,3.65659,0.0,0.39745,46.4351,9.87202,21.57221
2020-12-11,0.0,0.0,0.0,0,6.42857,0.0,0.71428,0.0,0.0,0.0,0.0,0.0,0.0,0.0,0.0,0.0,0.0,0.0,0.0,19.23688,5.16693,0.0,0.63593,42.9616,10.23765,18.09872
2020-12-12,0.0,8.33333,0.0,0,5.71428,0.0,0.0,0.0,0.0,0.0,0.0,0.0,0.0,0.0,0.0,0.0,0.0,0.0,0.0,25.35771,4.61049,0.0,0.63593,67.09323,7.86106,22.30347
2020-12-13,0.0,5.95238,0.0,0,5.91836,0.0,0.0,0.0,0.0,0.0,0.0,0.0,0.0,0.0,0.0,0.0,0.0,0.0,0.0,24.00635,4.92845,0.0,0.39745,71.11517,10.96892,29.25045
2020-12-14,0.0,7.14285,0.0,0,5.5102,0.0,0.5102,0.0,0.0,0.0,0.0,0.0,0.0,0.0,0.0,0.0,0.02591,0.0,0.0,20.27027,5.00794,0.0,1.27186,55.75868,8.77513,28.33638
2020-12-15,0.0,14.28571,0.0,0,6.0204,0.0,0.0,0.0,0.0,0.0,0.0,0.0,0.0,0.0,0.0,0.0,0.0,0.0,0.0,22.41653,3.97456,0.0,0.0,55.75868,11.15173,29.7989
2020-12-16,0.0,13.09523,0.0,0,4.79591,0.0,0.0,0.0,0.0,0.0,0.0,0.0,0.0,0.0,0.0,0.0,0.03023,0.0,0.0,22.73449,5.08744,0.0,0.0,46.80073,10.42047,19.92687
2020-12-17,0.0,7.14285,0.0,0,5.20408,0.0,0.61224,0.0,0.0,0.0,0.0,0.0,0.0,0.0,0.0,0.0,0.02591,0.0,0.0,22.73449,4.45151,0.0,0.63593,50.82266,12.79707,25.41133
2020-12-18,0.0,8.33333,0.0,0,5.30612,0.0,0.61224,0.0,0.0,0.0,0.0,0.0,0.0,0.0,0.0,0.0,0.0,0.0,0.0,19.9523,4.05405,0.0,0.0,46.06946,9.50639,21.38939
2020-12-19,0.0,16.66666,0.0,0,5.61224,0.0,0.0,0.0,0.0,0.0,0.0,0.0,0.0,0.0,0.0,0.0,0.0,0.0,0.0,18.04451,3.81558,0.0,0.47694,44.24131,8.59232,23.94881
2020-12-20,0.0,14.28571,0.0,0,6.93877,0.0,0.0,0.0,0.0,0.0,0.0,0.0,0.0,0.0,0.0,0.0,0.05183,0.0,0.0,20.8267,2.94117,0.0,0.0,53.38208,7.31261,25.41133
2020-12-21,5.95238,14.28571,0.0,0,4.69387,0.0,0.0,0.0,0.0,0.0,0.0,0.0,0.0,0.0,0.0,0.0,0.03887,0.0,0.0,16.93163,3.73608,0.0,0.0,43.32723,10.96892,24.86288
2020-12-22,0.0,0.0,0.0,0,4.18367,0.0,1.12244,0.0,0.0,0.0,0.0,0.0,0.0,0.0,0.0,0.0,0.0,0.0,0.0,19.15739,7.55166,0.0,0.0,41.86471,14.62522,25.59414
2020-12-23,0.0,0.0,0.0,0,7.7551,0.0,0.0,0.0,0.0,0.0,0.0,0.0,0.0,0.0,0.0,0.0,0.03887,0.0,0.0,25.67567,7.31319,0.0,0.47694,37.11151,15.17367,26.32541
2020-12-24,0.0,0.0,0.0,0,4.89795,0.0,0.0,0.0,0.0,0.0,0.0,0.0,0.0,0.0,0.0,0.0,0.05615,0.0,0.0,25.4372,5.32591,0.0,0.0,40.21937,11.51736,22.30347
2020-12-25,7.14285,5.95238,0.0,0,5.0,0.0,0.0,0.0,0.0,0.0,0.0,0.0,0.0,0.0,0.0,0.0,0.05183,0.0,0.0,22.81399,4.29252,0.0,0.71542,40.585,10.42047,20.10968
2020-12-26,0.0,11.90476,0.0,0,4.89795,0.0,0.0,0.0,0.0,0.0,0.0,0.0,0.0,0.0,0.0,0.0,0.06047,0.0,0.0,20.50874,5.4054,0.0,1.11287,48.44606,10.60329,25.41133
2020-12-27,0.0,7.14285,0.0,0,4.69387,0.0,0.0,0.0,0.0,0.0,0.0,0.0,0.0,0.0,0.0,0.0,0.07343,0.0,0.0,27.42448,6.51828,0.0,0.47694,59.04936,14.25959,31.80987
2020-12-28,0.0,7.14285,0.0,0,5.91836,0.0,0.0,0.0,0.0,0.0,0.0,0.0,0.0,0.0,0.0,0.0,0.15118,0.0,1.81086,20.66772,3.17965,0.0,0.0,60.32906,11.15173,23.58318
2020-12-29,0.0,0.0,0.0,0,5.30612,0.0,0.0,0.0,0.0,0.0,0.0,0.0,0.0,0.0,0.0,0.0,0.12526,0.0,1.00603,19.0779,5.16693,0.0,0.0,48.99451,11.51736,21.02376
2020-12-30,0.0,5.95238,0.0,0,6.32653,0.0,1.12244,0.0,0.0,0.0,0.0,0.0,0.0,0.0,0.0,0.0,0.07343,0.0,0.0,18.04451,4.76947,0.0,0.55643,42.41316,12.24862,22.85191
2020-12-31,0.0,5.95238,0.0,0,4.28571,0.0,0.0,0.0,0.0,0.0,0.0,0.0,0.0,0.0,0.0,0.0,0.06911,0.0,0.0,16.53418,5.16693,0.0,0.55643,38.02559,10.23765,19.01279
2021-01-01,0.0,0.0,0.0,0,2.95918,0.0,0.0,0.0,0.0,0.0,0.0,0.0,0.0,0.0,0.0,0.0,0.21165,0.0,4.22535,19.15739,5.4054,0.0,0.0,49.54296,7.49542,23.58318
2021-01-02,0.0,14.28571,0.0,0,3.36734,0.0,0.61224,0.0,0.0,0.0,0.0,0.40221,0.0,0.0,0.0,0.0,0.85525,0.0,36.82092,22.01907,7.2337,0.0,0.47694,55.57586,11.15173,26.14259
2021-01-03,0.0,0.0,0.0,0,5.0,0.0,0.0,0.0,0.0,0.0,0.0,0.30165,0.0,0.0,0.0,0.0,1.19217,0.0,18.51106,22.97297,7.94912,0.0,0.95389,64.351,11.88299,26.69104
2021-01-04,0.0,0.0,0.0,0,3.97959,0.0,0.0,0.0,0.0,0.0,0.0,0.0,0.0,0.0,0.0,0.0,8.03421,0.0,64.38631,24.32432,6.12082,0.0,0.79491,63.25411,7.31261,21.75502
2021-01-05,0.0,10.71428,0.0,0,3.36734,0.0,0.71428,0.0,0.0,0.0,0.0,0.55304,0.0,0.0,0.0,0.0,3.79249,0.0,48.49094,20.9062,5.4054,0.0,0.63593,52.83363,8.95795,19.56124
2021-01-06,0.0,8.33333,0.0,0,4.28571,0.0,0.0,0.0,0.0,0.0,0.0,0.50276,0.0,0.0,0.0,0.0,3.73633,0.0,50.70422,19.63434,6.75675,0.0,0.0,48.26325,10.05484,25.22851
2021-01-07,0.0,0.0,0.0,0,4.18367,0.0,0.0,0.0,0.0,0.0,0.0,0.55304,0.0,0.0,0.0,0.0,6.02133,0.0,57.54527,19.9523,5.4054,0.0,0.0,45.15539,9.14076,27.4223
2021-01-08,0.0,9.5238,0.0,0,4.89795,0.0,0.0,0.0,0.0,0.0,0.0,0.50276,0.0,0.0,0.0,0.0,7.14008,0.0,38.02816,17.80604,7.15421,0.0,0.55643,48.62888,6.76416,21.93784
2021-01-09,0.0,9.5238,0.0,0,5.81632,0.0,0.0,0.0,0.0,0.0,0.0,0.80442,0.0,0.0,0.0,0.0,6.72973,0.0,36.41851,21.22416,5.32591,0.0,0.0,57.40402,9.68921,24.31444
2021-01-10,0.0,0.0,0.0,0,5.5102,0.0,0.61224,0.0,0.0,0.0,0.0,0.75414,0.0,0.0,0.0,0.0,6.53967,0.0,24.94969,22.17806,6.83624,0.0,0.0,61.24314,12.24862,23.21755
2021-01-11,0.0,0.0,0.0,0,5.0,0.0,0.5102,0.0,0.0,0.0,0.0,1.0558,0.0,0.0,0.0,0.0,6.88955,0.0,27.36418,24.56279,7.47217,0.0,0.0,55.75868,8.59232,23.21755
2021-01-12,0.0,8.33333,0.0,0,3.67346,0.0,0.0,0.0,0.0,0.0,0.0,0.75414,0.0,0.0,0.0,0.0,7.7448,0.0,43.46076,20.34976,5.96184,0.0,0.39745,52.10237,10.7861,22.12065
2021-01-13,0.0,7.14285,0.0,0,3.77551,0.0,0.0,0.0,0.0,0.0,0.0,0.8547,0.0,0.0,0.0,0.0,8.73828,0.0,44.4668,21.70111,7.2337,0.0,0.0,53.19926,12.79707,25.0457
2021-01-14,0.0,7.14285,0.0,0,4.79591,0.0,0.0,0.0,0.0,0.0,0.0,0.75414,0.0,0.0,0.0,0.0,11.15718,0.0,46.68008,18.36248,5.72337,0.0,0.47694,55.39305,9.68921,19.92687
2021-01-15,0.0,0.0,0.0,0,5.61224,0.0,0.71428,0.0,0.0,0.0,0.0,0.70387,0.0,0.0,0.0,0.0,9.84838,0.0,52.9175,19.71383,7.79014,0.0,0.0,51.91956,10.42047,18.28153
2021-01-16,0.0,0.0,0.0,0,7.04081,0.0,0.61224,0.0,0.0,0.0,0.0,0.95525,0.0,0.0,0.0,0.0,8.83331,0.0,49.89939,20.58823,10.09538,0.0,0.0,57.2212,14.07678,19.56124
2021-01-17,0.0,10.71428,0.0,0,6.83673,0.0,0.0,0.0,0.0,0.0,0.0,0.8547,0.0,0.0,0.0,0.0,8.91106,0.0,47.08249,24.56279,6.99523,0.0,0.0,57.2212,11.51736,20.10968
2021-01-18,0.0,0.0,0.0,0,5.0,0.0,0.5102,0.0,0.0,0.0,0.0,0.90497,0.0,0.0,0.0,0.0,7.34741,0.0,34.60764,20.34976,5.80286,0.0,0.0,50.0914,8.77513,19.01279
2021-01-19,0.0,14.28571,0.0,0,4.79591,0.0,0.0,0.0,0.0,0.85763,0.0,1.15635,0.0,0.0,0.0,0.0,7.55474,0.0,34.00402,17.96502,6.75675,0.0,0.39745,41.31627,9.50639,17.73308
2021-01-20,0.0,0.0,0.0,0,5.40816,0.0,0.0,0.0,0.0,0.0,0.0,1.00553,0.0,0.0,0.0,0.0,6.84203,0.0,37.82696,20.34976,6.75675,0.0,0.0,69.65265,7.12979,18.28153
2021-01-21,0.0,0.0,0.0,0,6.93877,0.0,0.0,0.0,0.0,0.0,0.0,1.00553,0.0,0.0,0.0,0.0,6.99753,0.0,28.97384,17.96502,8.98251,0.0,0.0,68.92138,9.50639,19.37842
2021-01-22,0.0,0.0,0.0,0,5.71428,0.0,0.5102,0.0,0.0,0.0,0.0,1.75967,0.0,0.0,0.0,0.0,7.53747,0.0,30.38229,18.60095,7.07472,0.0,0.47694,49.17733,8.4095,19.56124
2021-01-23,0.0,0.0,0.0,0,5.71428,0.0,0.0,0.0,0.0,0.0,0.0,2.31271,0.0,0.0,0.0,0.0,7.00617,0.0,25.75452,20.27027,8.18759,0.0,0.0,52.65082,12.97989,21.02376
2021-01-24,0.0,9.5238,0.0,0,6.93877,0.0,0.91836,0.0,0.0,0.0,0.0,2.31271,0.0,0.0,0.0,0.0,7.42084,0.0,32.99798,20.9062,7.15421,0.0,0.0,57.76965,11.70018,22.30347
2021-01-25,5.95238,0.0,0.0,0,6.73469,0.0,0.0,0.0,0.0,0.0,0.0,3.77073,0.0,0.0,0.0,0.0,8.34089,0.0,100.0,17.56756,6.20031,0.0,0.71542,50.45703,9.50639,22.85191
2021-01-26,0.0,7.14285,0.0,0,7.24489,0.0,0.0,0.0,0.0,0.0,0.0,2.96631,0.0,0.0,0.0,0.0,7.26102,0.0,53.92354,17.17011,5.64387,0.0,0.47694,47.16636,8.59232,21.93784
2021-01-27,0.0,0.0,0.0,0,6.63265,0.0,0.0,0.0,0.0,0.0,0.0,3.01659,0.0,0.0,0.0,0.0,5.68441,0.0,28.57142,23.52941,7.39268,0.0,0.0,43.32723,8.95795,21.57221
2021-01-28,0.0,10.71428,0.0,0,6.93877,0.0,0.0,0.0,0.0,0.0,0.0,3.72046,0.0,0.0,0.0,0.0,7.85711,0.0,33.4004,25.51669,7.55166,0.0,0.39745,43.32723,7.31261,22.48628
2021-01-29,0.0,0.0,0.0,0,5.71428,0.0,0.0,0.0,0.0,0.0,0.0,3.46907,0.0,0.0,0.0,0.0,7.33877,0.0,28.77263,18.28298,5.24642,0.0,0.0,38.39122,4.02193,20.65813
2021-01-30,5.95238,0.0,0.0,0,6.0204,0.0,0.0,0.0,0.0,0.0,0.0,2.86576,0.0,0.0,0.0,0.0,7.53315,0.0,33.80281,19.79332,6.04133,0.0,0.39745,49.72577,10.05484,20.47531
2021-01-31,0.0,7.14285,0.0,0,8.57142,0.0,0.0,0.0,0.0,0.0,0.0,4.87682,0.0,0.0,0.0,0.0,9.02336,0.0,65.79476,21.70111,6.59777,0.0,0.55643,47.34917,6.0329,21.57221
2021-02-01,0.0,0.0,0.0,0,4.79591,0.0,0.0,0.0,0.0,0.0,0.0,4.2735,0.0,0.0,0.0,0.0,7.2351,0.0,56.13682,17.64705,5.4054,0.0,0.0,46.61791,6.39853,21.02376
2021-02-02,0.0,0.0,0.0,0,5.40816,0.0,0.0,0.0,0.0,0.0,0.0,3.26797,0.0,0.0,0.0,0.0,6.22435,0.0,37.62575,18.68044,5.24642,0.0,0.0,42.9616,9.87202,22.6691
2021-02-03,0.0,0.0,0.0,0,4.79591,0.0,0.61224,0.0,0.0,0.0,0.0,3.6199,0.0,0.0,0.0,0.0,6.64334,0.0,38.02816,15.4213,5.16693,0.0,0.0,42.9616,9.50639,20.10968
2021-02-04,0.0,5.95238,0.0,0,5.5102,0.0,0.0,0.0,0.0,0.0,0.0,2.46354,0.0,0.0,0.0,0.0,6.39713,0.0,30.5835,15.4213,4.68998,0.0,0.0,45.52102,9.14076,21.02376
2021-02-05,0.0,0.0,0.0,0,3.2653,0.0,0.0,0.0,0.0,0.0,0.0,3.46907,0.0,0.0,0.0,0.0,5.73625,0.0,23.94366,13.19554,3.73608,0.0,0.0,48.99451,7.31261,14.99085
2021-02-06,14.28571,0.0,0.0,0,4.08163,0.0,0.0,0.0,0.0,0.0,0.0,2.96631,0.0,0.0,0.0,0.0,5.46844,0.0,23.54124,15.02384,4.45151,0.0,0.0,60.51188,7.49542,20.10968
2021-02-07,5.95238,0.0,0.0,0,5.91836,0.0,0.0,0.0,0.0,0.0,0.0,3.31825,0.0,0.0,0.0,0.0,6.23731,0.0,27.16297,17.88553,5.80286,0.0,0.0,63.07129,10.60329,23.58318
2021-02-08,0.0,0.0,0.0,0,4.48979,0.0,0.0,0.0,0.0,0.0,0.0,2.7652,0.0,0.0,0.0,0.0,6.87227,0.0,28.97384,18.91891,4.29252,0.0,0.0,58.68372,6.58135,21.93784
2021-02-09,0.0,0.0,0.0,0,4.59183,0.0,0.0,0.0,0.0,0.0,0.0,2.96631,0.0,0.0,0.0,0.0,7.30422,0.0,23.74245,18.124,3.81558,0.0,0.0,48.99451,8.4095,16.27056
2021-02-10,0.0,0.0,0.0,0,4.89795,0.0,0.0,0.0,0.0,0.0,0.0,3.36852,0.0,0.0,0.0,0.0,10.28897,0.0,27.9678,21.46263,6.12082,0.0,0.55643,46.80073,7.67824,19.37842
2021-02-11,0.0,7.14285,0.0,0,6.12244,0.0,0.0,0.0,0.0,0.0,0.0,2.96631,0.0,0.0,0.0,0.0,8.96289,0.0,41.44869,19.39586,5.16693,0.0,0.0,61.24314,8.95795,15.5393
2021-02-12,0.0,13.09523,0.0,0,6.63265,0.0,0.0,0.0,0.0,0.0,0.0,3.11714,0.0,0.0,0.0,0.0,7.49427,0.0,34.60764,26.07313,5.4054,0.0,0.55643,62.70566,8.22669,19.37842
2021-02-13,0.0,0.0,0.0,0,6.83673,0.0,0.0,0.0,0.0,0.0,0.0,3.51935,0.0,0.0,0.0,0.0,7.36901,0.0,26.96177,26.70906,3.89507,0.0,0.0,67.82449,9.68921,23.94881
2021-02-14,0.0,0.0,0.0,0,5.0,0.0,0.71428,0.0,0.0,0.0,0.25138,4.02212,0.0,0.0,0.0,0.0,8.25882,0.0,24.14486,29.80922,5.88235,0.0,0.0,100.0,13.71115,21.93784
2021-02-15,0.0,5.95238,0.0,0,7.44897,0.0,0.5102,0.0,0.0,0.0,0.0,3.92156,0.0,0.0,0.0,0.0,8.29337,0.0,29.97987,19.31637,5.4054,0.0,0.0,85.7404,14.25959,22.85191
2021-02-16,0.0,8.33333,0.0,0,4.28571,0.0,0.0,0.0,0.0,0.0,0.0,3.06686,0.0,0.0,0.0,0.0,6.77292,0.0,32.99798,16.53418,3.97456,0.0,0.0,74.40585,11.88299,25.41133
2021-02-17,0.0,5.95238,0.0,0,4.48979,0.0,0.0,0.0,0.0,0.0,0.0,2.81548,0.0,0.0,0.0,0.0,6.87227,0.0,25.95573,19.79332,2.94117,0.0,0.0,69.28702,11.51736,21.20658
2021-02-18,0.0,0.0,0.0,0,4.79591,0.0,0.71428,0.0,0.0,0.0,0.0,3.67018,0.0,0.0,0.0,0.0,7.57202,0.0,32.39436,18.68044,3.81558,0.0,0.0,58.86654,10.96892,21.38939
2021-02-19,0.0,0.0,0.0,0,3.67346,0.0,0.0,0.0,0.0,0.0,0.0,3.77073,0.0,0.0,0.0,0.0,7.9003,0.0,21.93158,16.93163,4.13354,0.0,0.0,58.86654,9.87202,21.57221
2021-02-20,13.09523,0.0,0.0,0,3.57142,0.0,0.0,0.0,0.0,0.0,0.0,3.87129,0.0,0.0,0.0,0.0,7.85711,0.0,22.93762,17.48807,4.92845,0.0,0.47694,63.07129,9.68921,15.72212
2021-02-21,0.0,0.0,0.0,0,3.2653,0.0,0.0,0.0,0.0,0.0,0.0,3.82101,0.0,0.0,0.0,0.0,12.3364,0.0,26.15694,22.49602,5.48489,0.0,0.55643,72.94332,11.51736,22.48628
2021-02-22,8.33333,11.90476,0.0,0,3.46938,0.0,0.0,0.0,0.0,0.0,0.0,4.77626,0.0,0.0,0.0,0.0,8.25882,0.0,21.32796,16.69316,4.29252,0.0,0.0,55.39305,6.58135,17.9159
2021-02-23,0.0,8.33333,0.0,0,3.87755,0.0,0.0,0.0,0.0,0.0,0.0,3.97184,0.0,0.0,0.0,0.0,8.2329,0.0,25.75452,15.73926,3.81558,0.0,0.0,52.65082,7.67824,18.82998
2021-02-24,0.0,0.0,0.0,0,4.79591,0.0,0.0,0.0,0.0,0.0,0.0,3.31825,0.0,0.0,0.0,0.0,7.44244,0.0,22.93762,15.18282,4.29252,0.0,0.0,65.63071,11.51736,12.97989
2021-02-25,0.0,5.95238,0.0,0,5.81632,0.0,0.0,0.0,0.0,0.0,0.25138,3.31825,0.0,0.0,0.0,0.0,8.60006,0.0,36.61971,14.70588,6.59777,0.0,0.0,52.83363,7.86106,16.08775
2021-02-26,0.0,0.0,0.0,0,5.40816,0.0,0.0,0.0,0.0,0.0,0.0,2.51382,0.0,0.0,0.0,0.0,6.92842,0.0,29.57746,16.2957,5.48489,0.0,0.0,50.63985,9.68921,19.56124
2021-02-27,0.0,0.0,0.0,0,3.57142,0.0,0.0,0.0,0.0,0.0,0.0,2.7652,0.65359,0.0,0.0,0.0,7.97805,0.0,20.72434,18.36248,5.00794,0.0,0.0,61.42595,9.14076,15.72212
2021-02-28,0.0,0.0,0.0,0,3.36734,0.0,0.5102,0.0,0.0,0.0,0.0,3.82101,0.65359,0.0,0.0,0.0,8.8549,0.0,22.13279,21.38314,5.16693,0.0,0.0,54.66179,8.77513,15.35648
2021-03-01,0.0,8.33333,0.0,0,4.79591,0.0,0.5102,0.0,0.0,0.0,0.25138,4.82654,0.95525,0.0,0.0,0.0,8.98449,0.0,66.8008,20.11128,5.24642,0.0,0.0,67.09323,8.22669,16.27056
2021-03-02,0.0,7.14285,0.0,0,4.48979,0.0,0.0,0.0,0.0,0.0,0.0,5.17848,1.45801,0.0,0.0,0.0,6.99321,0.0,55.53319,16.13672,4.37201,0.0,0.0,52.28519,7.49542,19.01279
2021-03-03,0.0,0.0,0.0,0,4.48979,0.0,0.0,0.0,0.0,0.0,0.0,3.36852,2.06133,0.0,0.0,0.0,7.64545,0.0,49.69818,17.01112,5.32591,0.0,0.0,59.5978,5.48446,17.9159
2021-03-04,0.0,5.95238,0.0,0,4.59183,0.0,0.0,0.0,0.0,0.0,0.0,4.02212,5.1282,0.0,0.0,0.0,8.08604,0.0,40.64386,21.70111,6.43879,0.0,0.0,62.88848,8.4095,18.28153
2021-03-05,0.0,0.0,0.0,0,3.97959,0.0,0.0,0.0,0.0,0.0,0.0,6.03318,29.46204,0.0,0.0,0.0,8.12923,0.0,31.18712,14.38791,5.08744,0.0,0.0,60.32906,9.50639,15.17367
2021-03-06,0.0,10.71428,0.0,0,3.87755,0.0,0.0,0.0,0.0,0.0,0.0,5.68124,19.30618,0.0,0.0,0.0,8.43592,0.0,26.96177,17.48807,4.45151,0.0,0.71542,56.30712,6.94698,15.90493
2021-03-07,8.33333,0.0,0.0,0,4.79591,0.0,0.0,0.0,0.0,0.0,0.0,5.53041,12.4183,0.0,0.0,0.0,8.31065,0.0,27.36418,18.28298,5.08744,0.0,0.0,74.40585,8.59232,17.36745
2021-03-08,0.0,0.0,7.14285,0,2.24489,0.0,0.0,0.0,0.0,0.0,0.0,7.13926,4.57516,0.0,0.0,0.0,9.55466,0.0,48.89336,15.97774,5.4054,0.0,0.0,58.86654,7.31261,15.90493
2021-03-09,0.0,0.0,0.0,0,3.77551,0.0,0.0,0.0,0.0,0.0,0.0,10.70889,2.61437,0.0,0.0,0.0,8.12491,0.0,29.57746,18.99841,10.73131,0.0,0.0,63.61974,9.68921,18.64716
2021-03-10,0.0,0.0,0.0,0,3.77551,0.0,0.0,0.0,0.0,0.0,0.0,5.07792,2.71493,0.0,0.0,0.0,8.32793,0.0,28.16901,25.83465,11.7647,0.0,0.0,60.69469,9.50639,17.18464
2021-03-11,0.0,0.0,5.95238,0,4.28571,0.0,0.0,0.0,0.0,0.0,0.0,4.47461,1.30718,0.0,0.0,0.0,8.77715,0.0,32.39436,18.04451,8.66454,0.0,0.0,63.61974,7.31261,21.02376
2021-03-12,0.0,7.14285,0.0,0,2.7551,0.0,0.5102,0.0,0.0,0.0,0.0,2.11161,1.20663,0.0,0.0,0.0,7.54611,0.0,43.66197,16.53418,6.99523,0.0,0.0,53.74771,9.32358,19.92687
2021-03-13,0.0,9.5238,0.0,0,3.36734,0.0,0.0,0.0,0.0,0.0,0.0,2.21216,0.90497,0.0,0.0,0.0,7.93054,0.0,30.18108,15.65977,8.1081,0.0,0.63593,52.83363,4.57038,13.1627
2021-03-14,5.95238,0.0,0.0,0,3.16326,0.0,0.5102,0.0,0.0,0.0,0.0,3.16742,1.20663,0.0,0.0,0.0,8.42728,0.0,42.85714,15.10333,5.00794,0.0,0.47694,63.98537,6.0329,15.72212
2021-03-15,5.95238,7.14285,5.95238,0,4.69387,0.0,0.0,0.0,0.0,0.0,0.0,4.32378,1.0558,0.0,0.0,0.0,7.45972,0.0,30.98591,10.49284,5.72337,0.0,3.33863,51.37111,4.93601,14.62522
2021-03-16,10.71428,0.0,0.0,0,4.08163,0.0,0.71428,0.0,0.0,0.0,0.0,3.26797,1.40774,0.0,0.0,0.0,6.98889,0.0,25.75452,12.00317,3.89507,0.0,3.89507,52.65082,6.76416,15.17367
2021-03-17,0.0,8.33333,5.95238,0,5.0,0.0,0.0,0.0,0.0,0.0,0.0,3.21769,0.55304,0.0,0.0,0.0,7.98237,0.0,26.55935,12.16216,5.32591,0.0,2.38473,50.63985,3.47349,12.97989
2021-03-18,0.0,0.0,0.0,0,4.28571,0.0,0.5102,0.0,0.0,0.0,0.0,2.26244,1.25691,0.0,0.0,0.0,8.21994,0.0,20.52313,18.20349,8.42607,0.0,1.58982,52.28519,4.75319,15.17367
2021-03-19,0.0,8.33333,0.0,0,2.95918,0.0,0.5102,0.0,0.0,0.0,0.0,2.41327,0.90497,0.0,0.0,0.0,7.42084,0.0,19.7183,13.67249,9.22098,0.0,1.7488,48.44606,5.48446,12.24862
2021-03-20,0.0,0.0,0.0,0,2.7551,0.0,0.0,0.0,0.0,0.0,0.0,4.32378,1.20663,0.0,0.0,0.0,8.85922,0.0,35.21126,10.17488,6.83624,0.0,2.94117,48.26325,3.10786,16.63619
2021-03-21,0.0,7.14285,0.0,0,3.2653,0.0,0.0,0.0,0.0,0.0,0.0,3.06686,1.40774,0.0,0.0,0.0,9.43371,0.0,35.61368,11.04928,5.72337,0.0,2.38473,51.37111,5.66727,18.82998
2021-03-22,0.0,7.14285,0.0,0,3.16326,0.0,0.0,0.0,0.0,0.0,0.0,4.22322,1.50829,0.0,0.0,0.0,9.3646,0.0,40.84507,10.57233,8.66454,0.0,3.73608,42.04753,6.39853,14.99085
2021-03-23,0.0,0.0,5.95238,0,3.87755,0.0,0.0,0.0,0.0,0.0,0.0,4.22322,0.75414,0.0,0.0,0.0,8.79011,0.0,30.7847,29.88871,33.22734,0.0,5.32591,45.3382,9.50639,11.70018
2021-03-24,0.0,0.0,0.0,0,2.24489,0.0,0.0,0.0,0.0,0.0,0.0,3.72046,0.95525,0.0,0.0,0.0,7.97373,0.0,26.35814,25.4372,33.6248,0.0,4.13354,48.99451,9.68921,12.79707
2021-03-25,0.0,10.71428,0.0,0,3.77551,0.0,0.0,0.0,0.0,0.0,0.0,3.11714,0.8547,0.0,0.0,0.0,8.98017,0.0,24.74849,19.79332,19.9523,0.0,4.29252,35.10054,8.04387,11.33455
2021-03-26,0.0,10.71428,8.33333,0,2.65306,0.0,0.0,0.0,0.0,0.0,0.0,2.96631,0.80442,0.0,0.0,0.0,7.9219,0.03023,24.74849,12.7186,13.27503,0.0,3.10015,36.01462,3.10786,9.68921
2021-03-27,0.0,0.0,0.0,0,2.85714,0.0,0.0,0.0,0.0,0.0,0.0,2.81548,0.75414,0.0,0.0,0.0,8.50071,0.02159,28.16901,15.26232,10.41335,0.0,4.21303,45.88665,7.49542,16.08775
2021-03-28,0.0,7.14285,0.0,0,2.65306,0.0,0.0,0.0,0.0,0.0,0.0,4.17295,0.8547,0.0,0.0,0.0,7.88302,0.02591,24.34607,13.593,8.66454,0.0,2.38473,46.80073,7.67824,14.80804
2021-03-29,0.0,9.5238,0.0,0,4.38775,0.0,0.0,0.0,0.0,0.0,0.0,3.87129,1.20663,0.0,0.0,0.0,8.36248,0.0,27.16297,13.51351,7.71065,0.0,2.7027,45.52102,7.67824,16.63619
2021-03-30,0.0,0.0,0.0,0,2.44897,0.0,0.0,0.0,0.0,0.0,0.0,2.5641,0.45248,0.0,0.0,0.0,9.80951,0.0,21.73038,10.81081,7.86963,0.0,3.41812,43.32723,7.86106,14.25959
2021-03-31,5.95238,0.0,0.0,0,2.65306,0.0,0.0,0.0,0.0,0.0,0.0,2.81548,1.40774,0.0,0.0,0.0,12.26296,0.03023,19.11468,10.17488,7.07472,0.0,2.30524,36.56307,6.21572,12.61425
2021-04-01,0.0,9.5238,0.0,0,3.16326,0.0,0.0,0.0,0.0,0.0,0.0,3.11714,2.31271,0.0,0.0,0.0,14.51773,0.02159,25.55331,10.41335,5.4054,0.0,1.90779,39.85374,2.74223,12.43144
2021-04-02,0.0,0.0,0.0,0,2.34693,0.0,0.0,0.0,0.0,0.0,0.0,3.56963,2.16189,0.0,0.0,0.0,29.07865,0.0,26.76056,8.98251,4.84896,0.0,2.54372,41.6819,2.74223,10.60329
2021-04-03,8.33333,0.0,0.0,0,2.55102,0.0,0.0,0.0,0.0,0.0,0.0,3.6199,3.77073,0.0,0.0,0.0,18.03377,0.0,17.70623,11.36724,5.72337,0.0,2.22575,33.63802,5.85009,12.97989
2021-04-04,0.0,0.0,0.0,0,3.87755,0.0,0.0,0.0,0.0,0.0,0.0,3.82101,1.45801,0.0,0.0,0.0,13.66679,0.0,20.12072,12.08267,6.3593,0.0,3.17965,49.72577,6.76416,12.24862
2021-04-05,0.0,0.0,32.14285,0,2.65306,0.0,0.0,0.0,0.0,0.0,0.0,3.26797,1.45801,0.0,0.0,0.0,10.24145,0.0,23.13883,11.68521,6.99523,0.0,3.65659,45.70383,9.68921,14.25959
2021-04-06,0.0,7.14285,27.38095,0,1.53061,0.0,1.83673,0.0,0.0,0.0,0.0,2.96631,4.2735,0.0,0.0,0.0,10.09891,0.0,22.334,11.04928,5.88235,0.0,3.02066,40.585,7.49542,8.77513
2021-04-07,0.0,0.0,11.90476,0,2.34693,0.0,1.42857,0.0,0.0,0.0,0.0,5.1282,3.92156,0.0,0.0,0.0,9.77063,0.0,32.79678,17.64705,5.96184,0.0,3.41812,40.95063,6.0329,9.50639
2021-04-08,0.0,0.0,5.95238,0,2.65306,0.0,1.73469,0.0,0.0,0.0,0.0,5.73152,6.68677,0.0,0.0,0.0,10.84186,0.0,22.93762,12.87758,3.65659,0.0,5.88235,36.38025,6.39853,14.07678
2021-04-09,0.0,0.0,0.0,0,2.85714,0.0,0.71428,0.0,0.0,0.0,0.0,5.63097,3.77073,0.0,0.0,0.0,9.97365,0.0,15.49295,13.03656,6.2798,0.0,3.10015,39.12248,4.57038,9.68921
2021-04-10,0.0,0.0,0.0,0,2.55102,0.0,0.5102,0.0,0.0,0.0,0.0,3.67018,1.30718,0.0,0.0,0.0,9.23502,0.0,17.10261,13.43402,5.32591,0.0,5.4054,43.51005,6.76416,11.33455
2021-04-11,0.0,0.0,0.0,0,3.67346,0.0,0.0,0.0,0.0,0.0,0.0,3.67018,0.90497,0.0,0.0,0.0,10.11619,0.0,16.29778,14.54689,4.76947,0.0,4.531,50.27422,5.30164,14.80804
2021-04-12,0.0,0.0,10.71428,0,2.65306,0.0,0.61224,0.0,0.0,0.0,0.0,3.82101,1.35746,0.0,0.0,0.0,8.95857,0.0,19.5171,12.6391,7.07472,0.0,5.96184,45.52102,9.87202,6.76416
2021-04-13,0.0,0.0,10.71428,0,2.85714,0.0,1.0204,0.0,0.0,0.0,0.0,4.87682,0.90497,0.0,0.0,0.0,8.82035,0.0,18.91348,13.83147,7.71065,0.0,4.84896,44.42413,8.77513,11.88299
2021-04-14,0.0,0.0,48.80952,0,2.04081,0.0,1.12244,0.0,0.0,0.0,0.0,3.4188,0.75414,0.0,0.0,0.0,9.58489,0.0,20.52313,12.08267,5.80286,0.0,3.81558,43.69287,10.96892,9.68921
2021-04-15,0.0,0.0,9.5238,0,1.83673,0.0,0.61224,0.0,0.0,0.0,0.0,3.97184,0.95525,0.0,0.0,0.0,8.87218,0.0,19.7183,12.79809,4.84896,0.0,5.08744,44.78976,10.42047,11.33455
2021-04-16,0.0,0.0,0.0,0,3.36734,0.0,0.71428,0.0,0.0,0.0,0.0,3.26797,0.90497,0.0,0.0,0.0,8.23722,0.0,16.9014,13.83147,6.43879,0.0,3.17965,41.6819,10.7861,11.70018
2021-04-17,0.0,5.95238,5.95238,0,2.95918,0.0,1.0204,0.0,0.0,0.0,0.0,3.77073,0.95525,0.0,0.0,0.0,7.55474,0.0,14.88933,14.06995,7.15421,0.0,3.33863,46.80073,10.42047,14.25959
2021-04-18,0.0,5.95238,0.0,0,2.44897,0.0,0.0,0.0,0.0,0.0,0.0,3.36852,0.50276,0.0,0.0,0.0,6.98457,0.0,18.71227,12.40063,5.16693,0.0,3.17965,48.8117,9.87202,13.71115
2021-04-19,0.0,0.0,0.0,0,5.10204,0.0,2.65306,0.0,0.0,0.0,0.0,3.82101,0.40221,0.0,0.0,0.0,7.97805,0.0,17.70623,11.84419,5.72337,0.0,2.22575,49.54296,6.94698,11.70018
2021-04-20,0.0,0.0,5.95238,0,4.08163,0.0,2.95918,0.0,0.0,0.0,0.0,2.86576,0.65359,0.0,0.0,0.0,7.63681,0.03455,14.28571,13.43402,4.61049,0.0,2.30524,55.94149,5.66727,12.24862
2021-04-21,0.0,0.0,0.0,0,4.38775,0.0,4.38775,0.0,0.0,0.0,0.0,4.77626,0.95525,0.0,0.0,0.0,7.77936,0.02159,15.49295,16.53418,3.73608,0.63593,3.02066,51.00548,4.20475,11.51736
2021-04-22,0.0,0.0,0.0,0,2.34693,0.0,4.28571,0.0,0.0,0.0,0.0,2.96631,0.65359,0.0,0.0,0.0,8.44455,0.0,18.10865,15.50079,4.68998,0.79491,1.35135,40.585,4.57038,12.43144
2021-04-23,5.95238,0.0,0.0,0,3.46938,0.0,3.77551,0.0,0.0,0.0,0.0,10.70889,0.65359,0.0,0.0,0.03023,7.07096,0.02159,23.54124,14.78537,3.97456,0.95389,0.63593,37.29433,6.39853,9.68921
2021-04-24,0.0,0.0,0.0,0,3.16326,0.0,8.97959,0.0,0.0,0.0,0.0,12.11664,0.8547,0.0,0.0,0.05183,100.0,0.09934,22.93762,16.45468,4.531,0.39745,0.95389,48.8117,4.93601,7.49542
2021-04-25,0.0,0.0,0.0,0,2.85714,0.0,8.87755,0.0,0.0,0.0,0.0,6.8376,0.30165,0.0,0.0,0.06047,47.45367,0.05615,23.94366,17.40858,4.68998,0.55643,0.8744,59.96343,3.6563,10.42047
2021-04-26,0.0,0.0,0.0,0,1.83673,0.0,8.87755,0.0,0.0,0.0,0.0,9.90447,0.60331,0.0,0.0,0.14254,27.11329,0.16413,27.36418,18.36248,5.80286,1.03338,0.0,50.82266,5.11882,14.80804
2021-04-27,0.0,0.0,0.0,0,3.77551,0.0,12.04081,0.0,0.0,0.0,0.0,14.1277,0.60331,0.0,0.0,0.12958,19.02725,0.23757,24.54728,15.26232,4.37201,0.47694,0.47694,57.40402,7.49542,11.51736
2021-04-28,0.0,0.0,0.0,0,3.2653,0.0,52.24489,0.0,0.0,0.0,0.0,21.71945,0.8547,0.0,0.0,0.99347,17.36858,2.2634,52.71629,17.96502,5.00794,1.51033,0.0,50.45703,6.21572,13.34552
2021-04-29,0.0,8.33333,0.0,0,3.57142,0.0,35.10204,0.0,0.0,0.0,0.0,36.6013,0.50276,0.0,0.0,0.49241,13.00159,1.80985,40.44265,14.94435,3.97456,0.63593,0.0,61.24314,4.93601,9.50639
2021-04-30,0.0,0.0,0.0,0,3.2653,0.0,33.97959,0.0,0.0,0.0,0.0,39.86928,0.60331,0.0,0.0,0.4233,9.84406,1.52477,22.13279,14.06995,4.13354,0.0,0.55643,49.90859,8.04387,8.95795
2021-05-01,0.0,5.95238,5.95238,0,2.7551,0.0,100.0,0.0,0.0,0.0,0.0,100.0,0.90497,0.0,0.0,0.25052,14.67755,1.36927,18.30985,14.70588,3.5771,0.79491,0.0,46.61791,4.38756,9.68921
2021-05-02,0.0,0.0,0.0,0,3.06122,0.0,46.63265,0.0,0.0,0.0,0.0,22.62443,0.75414,0.0,0.0,0.27212,11.35588,0.95892,12.27364,16.61367,3.73608,1.51033,0.63593,54.8446,6.39853,11.15173
2021-05-03,0.0,0.0,0.0,0,3.67346,0.0,42.85714,0.0,0.0,0.0,0.0,20.46254,0.75414,0.0,0.0,0.36715,9.50714,1.01075,17.10261,13.43402,3.73608,0.95389,0.0,45.3382,3.10786,8.59232
2021-05-04,0.0,0.0,0.0,0,3.87755,0.0,58.77551,0.0,0.0,0.0,0.0,15.8371,0.75414,0.0,0.0,0.32827,7.83551,0.87253,10.26156,12.55961,2.78219,1.03338,0.0,45.70383,3.83912,9.50639
2021-05-05,0.0,0.0,0.0,0,3.67346,0.0,46.42857,0.0,0.0,0.0,0.0,12.51885,0.30165,0.0,0.0,0.25916,8.16811,0.90276,10.66398,15.65977,3.97456,1.27186,0.39745,50.27422,5.66727,11.70018
2021-05-06,0.0,0.0,0.0,0,3.46938,0.0,46.53061,0.0,0.0,0.0,0.0,17.64705,0.50276,0.0,0.0,0.32827,8.37976,1.26992,9.45674,17.32909,4.37201,1.03338,0.0,49.72577,6.76416,14.07678
2021-05-07,0.0,0.0,0.0,0,4.08163,0.0,36.83673,0.0,0.0,0.0,0.0,19.95977,0.90497,0.0,0.0,0.22461,7.64977,0.96324,17.50503,14.14944,4.61049,1.03338,0.0,41.49908,9.14076,8.95795
2021-05-08,0.0,5.95238,0.0,0,5.10204,0.0,45.71428,0.0,0.0,0.0,0.0,12.21719,0.45248,0.0,0.0,0.17277,7.69729,0.86821,7.24346,14.70588,3.65659,0.55643,0.0,47.34917,7.31261,8.04387
2021-05-09,7.14285,0.0,0.0,0,4.38775,0.0,40.71428,0.0,0.0,0.0,0.0,9.65309,0.8547,0.0,0.0,0.19005,7.92622,1.01507,9.65794,13.593,4.76947,0.63593,0.0,45.15539,5.66727,10.42047
2021-05-10,0.0,0.0,0.0,0,2.34693,0.0,36.73469,0.0,0.0,0.0,0.0,10.65862,1.86023,0.0,0.0,0.31532,10.18962,1.10578,10.06036,18.124,3.41812,0.8744,0.0,41.49908,6.39853,14.07678
2021-05-11,0.0,7.14285,0.0,0,4.69387,0.0,32.44897,0.0,0.0,0.0,0.0,11.86525,1.96078,0.0,0.0,0.2894,9.78359,1.29152,11.06639,16.21621,5.16693,1.03338,0.0,43.69287,6.39853,11.51736
2021-05-12,0.0,9.5238,0.0,0,2.7551,0.0,27.85714,0.0,0.0,0.0,0.0,13.67521,1.7094,0.0,0.0,0.38443,9.45099,1.49021,14.48692,17.64705,3.73608,1.43084,0.0,37.47714,4.38756,10.23765
2021-05-13,0.0,0.0,0.0,0,3.16326,0.0,27.24489,0.0,0.0,0.0,0.0,7.89341,1.20663,0.0,0.0,0.42762,7.9003,1.74506,14.68812,11.60572,3.17965,1.27186,0.0,33.45521,4.93601,8.4095
2021-05-14,0.0,0.0,0.0,0,1.73469,0.0,20.0,0.0,0.0,0.0,0.0,5.93262,1.60884,0.0,0.0,0.48809,6.72973,1.27424,13.68209,9.45945,3.17965,0.8744,0.39745,34.36928,4.93601,6.39853
2021-05-15,0.0,0.0,0.0,0,2.7551,0.0,17.95918,0.0,0.0,0.0,0.0,7.64203,1.86023,0.0,0.0,0.4233,7.17895,1.80121,8.65191,13.11605,3.02066,0.63593,0.0,48.99451,3.6563,8.95795
2021-05-16,0.0,7.14285,0.0,0,2.65306,0.0,17.65306,0.0,0.0,0.0,0.0,9.15032,1.65912,0.0,0.0,0.55289,7.44244,1.61116,7.44466,15.50079,4.37201,1.11287,0.39745,53.93053,3.6563,8.4095
2021-05-17,0.0,0.0,0.0,0,3.06122,0.0,21.12244,0.0,0.0,0.0,0.0,10.80945,1.60884,0.0,0.0,0.57448,6.26754,1.4427,9.65794,12.6391,3.49761,0.63593,0.0,42.59597,4.38756,6.76416
2021-05-18,0.0,0.0,0.0,0,2.04081,0.0,17.7551,0.0,0.0,0.0,0.0,9.95475,2.16189,0.0,0.0,0.61768,7.3906,1.70618,9.05432,12.6391,2.7027,0.55643,0.0,49.17733,2.19378,9.68921
2021-05-19,0.0,0.0,0.0,0,3.16326,0.0,17.7551,0.0,0.0,0.0,0.0,6.18401,1.25691,0.0,0.0,0.52265,6.27186,1.49021,9.25553,14.14944,4.45151,0.8744,0.0,46.80073,8.95795,10.60329
2021-05-20,0.0,0.0,0.0,0,2.55102,0.0,14.79591,0.0,0.0,0.0,0.0,6.23428,1.50829,0.0,0.0,0.55721,5.88743,1.49453,8.65191,13.35453,3.41812,1.27186,0.0,44.78976,5.11882,8.95795
2021-05-21,0.0,7.14285,0.0,0,2.04081,0.0,18.36734,0.0,0.0,0.0,0.0,7.29009,1.15635,0.0,0.0,0.51401,6.15956,1.49453,8.85311,14.06995,2.38473,1.43084,0.0,31.26142,3.6563,6.76416
2021-05-22,0.0,0.0,0.0,0,2.24489,0.0,11.32653,0.0,0.0,0.0,0.0,6.73705,2.31271,0.0,0.0,0.54857,6.72109,0.99347,9.05432,11.12877,3.5771,1.51033,0.0,36.74588,3.83912,5.85009
2021-05-23,0.0,0.0,0.0,0,2.44897,0.0,19.59183,0.0,0.0,0.0,0.0,7.13926,1.35746,0.0,0.0,0.61336,6.9457,1.12306,11.06639,14.4674,1.98728,1.19236,0.0,40.40219,2.92504,10.42047
2021-05-24,0.0,5.95238,0.0,0,2.55102,0.0,15.10204,0.0,0.0,0.0,0.0,6.38511,1.80995,0.0,0.0,0.52265,6.85499,0.81637,14.88933,16.2957,3.10015,1.27186,0.0,30.71297,2.37659,5.66727
2021-05-25,0.0,0.0,0.0,0,2.24489,0.0,12.24489,0.0,0.0,0.0,0.0,4.2735,1.40774,0.0,0.0,0.7991,6.83339,0.71703,11.67002,13.51351,3.41812,1.35135,0.0,36.9287,4.75319,9.14076
2021-05-26,0.0,0.0,0.0,0,2.34693,0.0,16.73469,0.0,0.0,0.0,0.0,6.73705,1.10608,0.0,0.0,0.73862,6.72109,0.94164,13.27967,18.44197,2.78219,0.8744,0.55643,35.8318,5.30164,8.22669
2021-05-27,0.0,0.0,0.0,0,2.65306,0.0,15.30612,0.0,0.0,0.0,0.0,10.45751,1.20663,0.0,0.0,0.65223,6.89819,0.6436,15.69416,15.18282,3.02066,1.66931,0.0,33.45521,3.47349,7.86106
2021-05-28,0.0,0.0,0.0,0,1.93877,0.0,14.18367,0.0,0.0,0.0,0.0,8.24534,1.20663,0.0,0.03887,0.50105,6.57854,0.69975,10.66398,13.75198,2.14626,0.8744,0.71542,25.22851,3.6563,5.85009
2021-05-29,0.0,0.0,0.0,0,1.63265,0.0,13.2653,0.0,0.0,0.0,0.0,7.84313,1.20663,0.0,0.02591,0.41034,6.79884,0.53993,10.26156,15.34181,2.14626,2.46422,0.47694,35.46617,4.38756,8.4095
2021-05-30,0.0,7.14285,0.0,0,2.55102,0.0,14.28571,0.0,0.0,0.0,0.0,7.08898,1.86023,0.0,0.02591,0.41898,6.85931,0.63496,14.48692,14.14944,1.98728,1.90779,0.0,30.16453,3.83912,11.88299
2021-05-31,0.0,0.0,5.95238,0,3.36734,0.0,13.67346,0.0,0.0,0.0,0.0,6.18401,1.00553,0.0,0.02159,0.39307,6.09908,0.69975,6.84104,11.60572,2.38473,5.96184,0.0,31.62705,4.93601,11.88299
2021-06-01,0.0,0.0,0.0,0,2.7551,0.0,11.83673,0.0,0.0,0.0,0.0,6.98843,1.45801,0.0,0.0,0.52265,6.6131,0.71271,9.85915,11.04928,4.37201,8.98251,0.0,33.27239,4.02193,9.50639
2021-06-02,0.0,0.0,0.0,0,2.44897,0.0,11.53061,0.0,0.0,0.0,0.0,6.38511,1.75967,0.0,0.0,0.43626,6.23731,0.65655,7.44466,10.96979,1.82829,4.05405,0.39745,34.5521,2.55941,7.31261
2021-06-03,0.0,5.95238,0.0,0,2.14285,0.0,12.24489,0.0,0.0,0.0,0.0,7.44092,1.40774,0.0,0.0,0.311,6.44032,0.7559,15.29175,11.44674,2.78219,8.26709,0.0,27.60511,2.01096,5.30164
2021-06-04,0.0,0.0,0.0,0,2.24489,0.0,9.38775,0.0,0.0,0.0,0.0,6.88788,1.15635,0.0,0.0,0.2678,6.05157,0.72567,9.85915,13.35453,2.86168,7.94912,0.0,25.59414,3.47349,4.02193
2021-06-05,0.0,5.95238,0.0,0,2.44897,0.0,7.24489,0.0,0.0,0.0,0.0,6.18401,0.95525,0.0,0.0,0.31964,6.18979,0.70839,10.06036,13.03656,3.97456,9.062,0.0,29.7989,3.6563,6.0329
2021-06-06,0.0,0.0,0.0,0,1.93877,0.0,8.36734,0.0,0.0,0.0,0.0,4.97737,0.75414,0.0,0.0,0.36283,6.02133,0.63928,7.24346,13.67249,4.21303,10.09538,0.0,33.63802,6.21572,8.59232
2021-06-07,0.0,0.0,0.0,0,2.44897,0.0,5.10204,0.0,0.0,0.0,0.0,4.77626,1.10608,0.0,0.0,0.47514,5.26975,0.66951,12.27364,12.55961,2.78219,14.62639,0.79491,33.27239,5.30164,4.75319
2021-06-08,0.0,0.0,0.0,0,1.83673,0.0,6.83673,0.0,0.0,0.0,0.0,5.42986,0.75414,0.0,0.0,0.34123,5.21359,0.62632,13.07847,12.16216,3.10015,15.34181,0.39745,26.14259,3.83912,6.39853
2021-06-09,0.0,0.0,0.0,0,1.32653,0.0,6.12244,0.0,0.0,0.0,0.0,4.92709,0.55304,0.0,0.0,0.4233,4.56567,0.63496,15.09054,9.14149,1.98728,17.09062,0.55643,28.70201,2.92504,3.6563
2021-06-10,0.0,0.0,0.0,0,1.83673,0.0,7.14285,0.0,0.0,0.0,0.0,6.33484,0.30165,0.0,0.0,0.43626,5.07537,0.71271,15.69416,13.51351,2.54372,15.02384,0.0,28.88482,4.02193,6.58135
2021-06-11,0.0,0.0,0.0,0,2.14285,0.0,8.77551,0.0,0.0,0.0,0.0,4.42433,0.0,0.0,0.0,0.69111,5.04945,0.77318,17.10261,10.01589,3.41812,15.50079,0.39745,24.49725,2.74223,9.14076
2021-06-12,0.0,5.95238,0.0,0,1.93877,0.0,8.2653,0.0,0.0,0.0,0.0,3.16742,0.25138,0.0,0.0,0.43626,4.76437,0.75158,13.48088,12.40063,3.33863,15.81875,0.71542,30.34734,6.39853,5.66727
2021-06-13,0.0,0.0,0.0,0,2.44897,0.0,7.04081,0.0,0.0,0.0,0.0,4.07239,0.45248,0.0,0.0,0.54857,4.63046,0.85525,11.2676,13.91096,2.14626,17.01112,1.19236,34.00365,4.38756,6.0329
2021-06-14,0.0,7.14285,0.0,0,1.32653,0.0,4.69387,0.0,0.0,0.0,0.0,6.33484,0.30165,0.0,0.0,0.5788,4.71685,0.92004,14.0845,22.01907,4.21303,95.54848,1.11287,31.44424,2.55941,5.48446
2021-06-15,0.0,0.0,0.0,0,2.24489,0.0,6.42857,0.0,0.0,0.0,0.0,3.67018,0.35193,0.0,0.0,0.6436,5.49004,1.20945,17.70623,15.10333,4.45151,100.0,0.0,32.1755,2.37659,7.67824
2021-06-16,0.0,0.0,0.0,0,2.14285,0.0,4.18367,0.0,0.0,0.0,0.0,5.48014,1.0558,0.0,0.0,0.6004,5.1704,1.04531,9.65794,13.75198,5.48489,38.39427,0.79491,35.28336,3.29067,7.12979
2021-06-17,0.0,0.0,0.0,0,1.22448,0.0,3.36734,0.0,0.0,0.0,0.0,4.07239,0.55304,0.0,0.0,0.58312,4.64342,0.933,11.2676,12.48012,3.73608,25.67567,0.55643,38.2084,4.02193,7.86106
2021-06-18,0.0,0.0,0.0,0,2.7551,0.0,5.40816,0.0,4.11663,0.0,0.0,3.16742,0.45248,0.0,0.0,0.63064,4.09053,0.81205,6.43863,9.61844,1.98728,17.32909,1.11287,31.99268,1.82815,6.58135
2021-06-19,0.0,0.0,0.0,0,2.95918,0.0,3.97959,0.0,3.259,0.0,0.0,3.51935,0.35193,0.0,0.0,0.53993,4.54839,0.76022,5.83501,11.52623,3.10015,14.70588,1.43084,27.05667,1.2797,5.48446
2021-06-20,0.0,0.0,0.0,0,2.24489,0.0,5.40816,0.0,2.22984,0.0,0.0,3.77073,0.25138,0.0,0.0,0.56585,4.38425,0.82501,8.65191,11.68521,2.30524,15.02384,2.38473,35.28336,3.47349,5.66727
2021-06-21,0.0,0.0,0.0,0,1.63265,0.0,5.30612,0.0,1.37221,0.0,0.0,3.46907,0.40221,0.0,0.0,0.5788,4.34538,0.81205,4.22535,11.04928,2.06677,17.17011,0.79491,30.16453,3.10786,5.48446
2021-06-22,0.0,0.0,0.0,0,1.22448,0.0,6.22448,0.0,6.51801,0.0,0.0,4.52488,0.90497,0.0,0.0,0.55289,4.93715,0.91572,8.65191,12.24165,1.03338,14.78537,0.63593,30.89579,3.10786,4.57038
2021-06-23,0.0,0.0,0.0,0,1.22448,0.0,5.0,0.0,1.88679,0.0,0.0,4.62543,0.95525,0.0,0.0,0.58312,5.06673,0.76022,5.23138,10.65182,2.46422,16.85214,0.0,27.97074,2.19378,5.85009
2021-06-24,0.0,0.0,0.0,0,1.53061,0.0,4.28571,0.0,6.86106,0.0,0.0,3.92156,0.60331,0.0,0.0,0.4665,4.9717,0.71703,8.24949,11.92368,2.46422,17.09062,0.0,20.47531,2.01096,7.67824
2021-06-25,0.0,0.0,0.0,0,0.61224,0.0,5.30612,0.0,4.63121,0.0,0.0,3.31825,0.95525,0.0,0.0,0.44058,4.18124,0.58744,3.62173,9.53895,1.58982,14.4674,0.79491,25.59414,1.82815,3.83912
2021-06-26,0.0,0.0,0.0,0,1.83673,0.0,6.32653,0.0,3.94511,0.0,0.0,3.92156,0.45248,0.0,0.0,0.43194,4.88963,0.45786,6.03621,12.48012,2.62321,11.36724,0.79491,32.35831,3.29067,4.93601
2021-06-27,0.0,0.0,0.0,0,1.93877,0.0,6.12244,0.0,5.66037,0.0,0.0,4.32378,0.65359,0.0,0.0,0.35419,4.23739,0.39739,5.83501,12.95707,2.14626,9.85691,1.19236,32.1755,3.10786,2.92504
2021-06-28,0.0,0.0,0.0,0,3.16326,0.0,6.0204,0.0,7.20411,0.0,0.0,3.77073,0.60331,0.0,0.0,0.38875,3.97822,0.46218,4.62776,11.04928,3.02066,10.65182,0.47694,30.89579,2.01096,7.12979
2021-06-29,0.0,0.0,0.0,0,1.63265,0.0,6.12244,0.0,6.17495,0.0,0.0,5.93262,0.55304,0.0,0.0,0.4233,3.68882,0.43194,7.64587,11.7647,1.82829,9.77742,0.55643,32.1755,1.82815,4.93601
2021-06-30,0.0,0.0,0.0,0,1.73469,0.0,7.04081,0.0,5.8319,0.0,0.0,3.67018,1.20663,0.0,0.0,0.44058,4.21148,0.40171,5.03018,11.12877,2.14626,9.30047,0.0,28.33638,2.19378,5.85009
2021-07-01,0.0,0.0,0.0,0,2.44897,0.0,6.12244,0.0,4.28816,0.0,0.0,4.62543,0.45248,0.0,0.0,0.52265,4.38857,0.46218,6.03621,12.24165,2.30524,9.37996,0.63593,20.47531,1.64533,3.10786
2021-07-02,0.0,0.0,0.0,0,2.55102,0.0,2.85714,0.0,4.97427,0.0,0.0,5.17848,0.35193,0.0,0.0,0.40171,4.95442,0.34123,6.43863,10.01589,1.66931,7.31319,0.0,23.58318,2.37659,1.82815
2021-07-03,0.0,0.0,0.0,0,3.97959,0.0,5.5102,0.0,2.74442,0.0,0.0,5.83207,0.80442,0.0,0.0,0.50537,5.06673,0.40602,5.6338,13.593,1.7488,6.3593,0.0,25.22851,2.37659,2.74223
2021-07-04,0.0,0.0,0.0,0,2.55102,0.0,6.22448,0.0,3.77358,0.0,0.0,3.72046,1.20663,0.0,0.0,0.37147,4.86372,0.38875,5.6338,13.19554,2.38473,8.50556,0.39745,29.61608,3.10786,5.30164
2021-07-05,0.0,0.0,0.0,0,1.42857,0.0,5.40816,0.0,5.31732,0.0,0.0,5.1282,1.55857,0.0,0.0,0.50537,5.02354,0.39739,4.82897,9.85691,1.11287,7.63116,0.47694,28.88482,3.29067,5.66727
2021-07-06,0.0,0.0,0.0,0,2.44897,0.0,5.91836,0.0,4.28816,0.0,0.0,4.17295,1.00553,0.0,0.0,0.67383,6.67789,0.50105,8.24949,11.92368,2.54372,8.18759,0.71542,31.07861,4.02193,3.6563
2021-07-07,0.0,0.0,0.0,0,2.14285,0.0,5.20408,0.0,2.40137,0.0,0.0,4.17295,0.65359,0.0,0.0,0.59608,5.62394,0.50105,8.04828,10.57233,2.46422,8.98251,0.47694,25.22851,4.38756,5.11882
2021-07-08,0.0,0.0,0.0,0,1.73469,0.81632,4.08163,0.0,6.34648,0.0,0.0,8.69783,0.55304,0.0,0.0,0.55721,5.25679,0.36715,4.42655,10.96979,1.82829,7.63116,0.0,25.77696,2.19378,6.58135
2021-07-09,0.0,0.0,0.0,0,1.93877,3.46938,5.0,0.0,5.31732,0.0,0.0,5.93262,0.8547,0.0,0.0,0.48378,5.41661,0.31532,8.65191,8.90302,1.35135,6.83624,0.0,23.03473,2.55941,4.75319
2021-07-10,0.0,0.0,0.0,0,2.85714,3.2653,3.67346,0.0,3.43053,0.0,0.0,4.47461,0.45248,0.0,0.0,0.43194,4.89395,0.48809,8.24949,9.85691,2.30524,5.72337,0.39745,21.57221,3.83912,4.57038
2021-07-11,0.0,0.0,0.0,0,1.73469,1.63265,2.7551,0.0,3.77358,0.0,0.25138,4.22322,1.10608,0.0,0.0,0.53993,4.55271,0.42762,6.23742,13.11605,2.62321,7.07472,1.43084,30.71297,2.37659,3.83912
2021-07-12,0.0,0.0,0.0,0,2.04081,1.83673,4.48979,0.0,4.63121,0.0,0.0,3.82101,0.0,0.0,0.0,0.80774,5.15744,0.45786,8.24949,10.33386,1.7488,5.72337,1.03338,30.16453,3.29067,5.66727
2021-07-13,0.0,0.0,0.0,0,3.16326,1.93877,3.57142,0.0,14.57975,0.0,0.0,5.48014,0.60331,0.0,0.0,0.68247,4.5052,0.41898,13.27967,11.44674,1.51033,7.07472,0.63593,33.45521,4.38756,5.30164
2021-07-14,0.0,0.0,0.0,0,4.69387,3.2653,4.38775,0.0,22.98456,0.0,0.0,4.67571,1.00553,0.0,0.0,0.71271,5.20927,0.47082,7.04225,11.52623,1.35135,6.04133,1.7488,32.54113,1.64533,5.66727
2021-07-15,0.0,0.0,0.0,0,2.24489,1.93877,4.48979,0.0,13.20754,0.0,0.0,4.87682,1.65912,0.0,0.0,0.56153,5.66714,0.55289,9.65794,9.30047,1.58982,4.76947,0.39745,27.23948,2.01096,6.58135
2021-07-16,0.0,0.0,0.0,0,0.91836,1.73469,4.18367,0.0,9.43396,0.0,0.0,6.93815,1.55857,0.0,0.0,0.48378,8.39704,0.6436,11.06639,9.9364,1.90779,4.13354,0.0,23.21755,1.82815,5.66727
2021-07-17,7.14285,0.0,0.0,0,1.83673,2.55102,5.5102,0.0,30.18867,0.0,0.0,6.13373,2.46354,0.0,0.0,0.41034,6.59582,0.59176,7.04225,10.41335,2.54372,7.31319,0.55643,29.61608,3.6563,4.38756
2021-07-18,0.0,8.33333,0.0,0,1.0204,1.12244,4.28571,0.0,13.5506,0.0,0.0,4.37405,1.00553,0.0,0.0,0.31964,4.67798,0.51833,9.05432,11.44674,1.7488,5.16693,0.0,29.7989,2.92504,6.76416
2021-07-19,0.0,0.0,0.0,0,2.7551,1.53061,4.28571,0.0,13.20754,0.0,0.0,5.68124,1.60884,0.0,0.0,0.37579,5.8356,0.49241,8.65191,12.00317,2.38473,6.91573,0.39745,22.48628,2.01096,5.48446
2021-07-20,0.0,5.95238,0.0,0,2.14285,2.34693,5.0,0.0,8.23327,0.0,0.0,4.67571,0.95525,0.0,0.0,0.27212,5.51596,0.53993,8.85311,9.85691,2.22575,8.02861,0.63593,22.12065,1.46252,4.57038
2021-07-21,0.0,0.0,0.0,0,1.42857,0.61224,3.06122,0.0,8.4048,0.0,0.0,3.4188,0.55304,0.0,0.0,0.28508,5.33454,0.57448,7.04225,10.17488,1.19236,6.83624,0.0,23.58318,2.92504,6.21572
2021-07-22,0.0,11.90476,0.0,0,1.83673,3.87755,5.10204,0.0,6.17495,0.0,0.0,6.58622,1.35746,0.0,0.0,0.4665,6.89387,0.54857,7.04225,9.14149,1.43084,6.04133,0.47694,23.03473,2.19378,4.93601
2021-07-23,0.0,0.0,0.0,0,0.61224,3.2653,2.44897,0.0,4.97427,0.0,0.0,7.23981,1.35746,0.0,0.0,0.36283,6.2805,0.38011,7.24346,8.34658,1.82829,9.22098,0.71542,23.94881,3.10786,4.57038
2021-07-24,0.0,0.0,0.0,0,2.04081,23.57142,2.34693,0.0,9.77701,0.0,0.0,6.53594,1.0558,0.0,0.0,0.35851,5.58507,0.44922,6.84104,10.01589,1.98728,8.18759,0.0,23.40036,2.74223,4.20475
2021-07-25,0.0,0.0,0.0,0,1.73469,32.7551,2.24489,0.0,7.37564,0.0,0.0,6.28456,0.80442,0.0,0.0,0.50969,5.02786,0.54425,10.26156,7.86963,1.58982,8.90302,0.47694,31.26142,1.09689,5.85009
2021-07-26,0.0,0.0,0.0,0,1.53061,16.0204,2.7551,0.0,6.17495,0.0,0.0,4.37405,0.95525,0.0,0.0,0.57448,4.68662,0.48809,8.4507,7.47217,1.51033,6.43879,0.0,21.57221,2.55941,2.92504
2021-07-27,0.0,0.0,0.0,0,1.32653,10.91836,0.91836,0.0,4.63121,0.0,0.0,4.47461,0.30165,0.0,0.0,0.33691,4.7039,0.40171,5.6338,9.37996,1.27186,6.12082,0.0,22.30347,1.09689,3.10786
2021-07-28,0.0,0.0,0.0,0,2.04081,7.95918,0.91836,0.0,3.94511,0.0,0.0,7.29009,0.45248,0.0,0.0,0.18573,3.78817,0.33259,4.02414,8.58505,1.66931,4.05405,0.0,20.84095,2.19378,3.6563
2021-07-29,0.0,0.0,0.0,0,1.32653,8.87755,2.7551,0.0,4.80274,0.0,0.0,3.87129,0.80442,0.0,0.0,0.15118,3.83568,0.311,4.62776,8.18759,1.11287,3.97456,0.47694,19.19561,1.64533,4.20475
2021-07-30,0.0,0.0,0.0,0,2.14285,6.63265,3.57142,0.0,3.259,0.0,0.0,4.62543,0.40221,0.0,0.0,0.20733,3.61539,0.38011,6.03621,8.1081,1.90779,4.45151,0.0,18.82998,2.37659,5.11882
2021-07-31,0.0,0.0,5.95238,0,1.0204,8.97959,1.32653,0.0,3.94511,0.0,0.0,4.97737,0.65359,0.0,0.0,0.25916,4.07757,0.31964,8.24949,9.45945,1.43084,4.531,0.0,23.21755,0.0,1.82815
2021-08-01,0.0,5.95238,0.0,0,1.53061,6.93877,1.93877,0.0,3.08747,0.0,0.0,4.72599,0.90497,0.0,0.0,0.20733,4.41449,0.11662,8.65191,9.45945,2.14626,6.04133,0.0,24.31444,2.37659,4.02193
2021-08-02,0.0,7.14285,0.0,0,1.22448,15.40816,2.14285,0.0,5.66037,0.0,0.0,4.47461,0.65359,0.0,0.0,0.25052,5.05809,0.06911,6.63983,9.69793,1.90779,5.16693,0.0,20.47531,0.91407,4.20475
2021-08-03,5.95238,0.0,0.0,0,2.44897,10.40816,3.77551,0.0,7.54716,0.0,0.0,4.32378,0.75414,0.0,0.0,0.22893,5.36909,0.07775,5.03018,9.30047,2.14626,6.12082,0.71542,25.95978,4.75319,3.83912
2021-08-04,0.0,0.0,0.0,0,2.04081,6.22448,3.57142,0.0,4.45969,1.20068,0.0,4.17295,0.70387,0.0,0.0,0.22029,5.77512,0.05615,5.23138,10.49284,1.19236,3.25914,0.0,29.43327,2.92504,5.85009
2021-08-05,0.0,0.0,0.0,0,1.73469,5.0,2.7551,0.0,6.86106,0.0,0.0,4.07239,0.45248,0.0,0.0,0.05615,4.77733,0.12958,44.26559,8.90302,2.06677,3.65659,0.0,33.45521,3.10786,6.39853
2021-08-06,0.0,0.0,0.0,0,2.24489,6.63265,2.65306,0.0,8.4048,0.0,0.0,3.01659,0.35193,0.0,0.0,0.18141,3.90911,0.08638,43.46076,8.34658,2.38473,3.33863,0.0,20.65813,3.83912,6.0329
2021-08-07,0.0,0.0,0.0,0,2.95918,6.22448,3.46938,0.0,5.31732,0.0,0.0,2.66465,0.45248,0.0,0.0,0.1339,3.76657,0.03887,13.88329,8.74403,3.17965,2.94117,0.47694,21.20658,4.38756,8.22669
2021-08-08,0.0,7.14285,0.0,0,3.87755,4.08163,4.89795,0.0,6.86106,0.0,0.0,3.51935,0.75414,0.0,0.0,0.11662,4.11213,0.09934,11.46881,12.24165,1.43084,3.97456,0.39745,40.40219,1.64533,5.48446
2021-08-09,0.0,0.0,0.0,0,2.44897,7.55102,2.95918,0.0,6.00343,0.0,0.0,3.51935,0.90497,0.0,0.0,0.13822,4.25899,0.07343,8.24949,9.77742,2.94117,5.00794,0.0,34.5521,6.0329,4.38756
2021-08-10,0.0,0.0,0.0,0,3.46938,6.22448,2.95918,0.0,13.20754,0.0,0.0,3.67018,0.45248,0.0,0.0,0.22461,4.16828,0.04751,11.2676,9.22098,2.78219,4.68998,0.39745,34.5521,4.38756,10.42047
2021-08-11,0.0,0.0,0.0,0,3.06122,5.20408,3.87755,0.0,8.4048,0.0,0.0,3.6199,0.55304,0.0,0.0,0.14254,4.82052,0.05183,8.85311,10.33386,2.62321,3.73608,0.79491,30.89579,4.75319,8.77513
2021-08-12,0.0,5.95238,0.0,0,3.46938,5.30612,2.85714,0.0,6.34648,2.91595,0.0,3.26797,0.60331,0.0,0.0,0.14254,6.83771,0.06911,8.85311,10.65182,2.30524,5.16693,0.79491,27.97074,3.6563,3.6563
2021-08-13,0.0,0.0,0.0,0,2.55102,6.63265,1.73469,0.0,11.14922,20.58319,0.0,3.97184,0.70387,0.0,0.0,0.08206,5.70169,0.14686,9.85915,11.04928,1.66931,2.06677,0.0,28.70201,4.75319,4.75319
2021-08-14,0.0,8.33333,0.0,0,1.42857,4.59183,2.7551,0.0,8.74785,3.259,0.0,3.46907,0.75414,0.0,0.0,0.1123,4.70821,0.10798,6.43863,12.87758,3.5771,1.90779,0.0,32.54113,2.55941,4.02193
2021-08-15,0.0,0.0,0.0,0,2.34693,6.73469,2.65306,0.0,9.77701,0.85763,0.0,4.2735,0.65359,0.0,0.0,0.16413,4.97602,0.09934,9.05432,12.40063,5.16693,2.22575,0.47694,36.9287,3.29067,4.38756
2021-08-16,0.0,0.0,0.0,0,3.46938,6.42857,2.44897,0.0,7.71869,0.0,0.0,4.57516,0.70387,0.0,0.0,0.18573,5.1488,0.04751,7.84708,12.6391,2.7027,2.22575,0.0,46.80073,4.75319,4.75319
2021-08-17,0.0,0.0,0.0,0,2.95918,6.93877,3.36734,0.0,3.43053,0.85763,0.0,3.92156,1.15635,0.0,0.0,0.15982,5.38205,0.08638,8.65191,11.84419,2.78219,1.82829,0.0,36.9287,4.57038,6.76416
2021-08-18,5.95238,0.0,0.0,0,2.44897,8.16326,1.93877,0.0,7.71869,0.85763,0.0,4.92709,1.00553,0.0,0.0,0.23325,5.27838,0.08206,10.26156,15.18282,2.06677,1.7488,0.0,42.04753,5.48446,7.12979
2021-08-19,0.0,8.33333,0.0,0,2.55102,4.59183,3.46938,1.02915,5.66037,0.0,0.0,3.87129,0.50276,0.0,0.0,0.15118,5.93926,0.03023,7.84708,12.79809,2.62321,1.58982,0.39745,37.29433,3.10786,6.58135
2021-08-20,0.0,5.95238,0.0,0,2.14285,4.79591,1.73469,1.02915,3.60205,0.0,0.0,3.26797,0.40221,0.0,0.0,0.15118,5.04513,0.09502,8.4507,12.55961,2.14626,3.49761,0.79491,33.63802,2.37659,8.77513
2021-08-21,0.0,0.0,0.0,0,2.14285,4.18367,2.14285,0.0,3.259,0.0,0.0,5.37958,0.55304,0.0,0.0,0.10798,4.88531,0.05615,5.23138,13.43402,3.41812,1.43084,0.63593,44.0585,4.38756,6.39853
2021-08-22,0.0,0.0,0.0,0,3.06122,6.63265,2.65306,2.05831,3.08747,0.0,0.0,4.2735,0.45248,0.0,0.0,0.19005,5.43389,0.06911,5.43259,13.99046,3.33863,3.33863,0.39745,40.76782,4.20475,8.04387
2021-08-23,0.0,5.95238,0.0,0,3.97959,6.0204,2.04081,5.66037,3.259,0.0,0.0,4.17295,0.30165,0.0,0.0,0.16413,4.72549,0.06911,6.23742,16.53418,3.33863,4.84896,0.71542,41.49908,7.12979,8.59232
2021-08-24,0.0,0.0,0.0,0,3.46938,5.0,1.93877,7.89022,3.43053,0.0,0.0,3.01659,1.0558,0.0,0.0,0.13822,7.37333,0.0907,5.6338,15.89825,4.13354,4.21303,0.47694,47.89762,9.87202,9.50639
2021-08-25,0.0,0.0,0.0,0,2.85714,3.87755,2.95918,8.74785,1.88679,0.0,0.0,2.71493,0.45248,0.0,0.0,0.11662,6.06885,0.06911,5.83501,15.50079,3.89507,3.17965,0.63593,48.99451,4.02193,7.86106
2021-08-26,0.0,0.0,0.0,0,2.95918,4.79591,3.77551,20.06861,2.40137,0.0,0.40221,3.92156,0.70387,0.0,0.0,0.03887,5.6801,0.08638,7.64587,17.17011,4.13354,1.7488,0.0,39.48811,5.66727,12.24862
2021-08-27,0.0,8.33333,0.0,0,2.44897,5.0,2.65306,14.75128,1.71526,0.0,0.25138,3.46907,0.45248,0.0,0.30668,0.06047,4.58727,0.03023,4.02414,16.05723,5.08744,3.5771,0.0,46.98354,4.57038,8.77513
2021-08-28,0.0,0.0,0.0,0,2.85714,3.46938,4.38775,12.00686,2.22984,0.0,0.40221,4.97737,0.25138,0.0,0.07775,0.03887,4.96738,0.09502,6.03621,13.83147,4.21303,2.06677,0.0,41.86471,6.76416,6.58135
2021-08-29,0.0,5.95238,0.0,0,2.34693,4.38775,3.46938,12.86449,1.37221,0.0,0.25138,4.2735,0.45248,0.0,0.04319,0.03887,5.41229,0.13822,5.43259,18.44197,3.89507,1.43084,0.39745,45.70383,8.59232,8.4095
2021-08-30,0.0,8.33333,0.0,0,4.08163,5.10204,2.55102,100.0,2.74442,0.0,0.55304,3.82101,0.65359,0.0,0.33259,0.04751,5.88311,0.10366,6.23742,16.05723,4.21303,2.46422,0.0,45.52102,6.58135,10.23765
2021-08-31,0.0,0.0,0.0,0,1.32653,2.44897,3.46938,24.69982,3.77358,0.0,0.80442,4.97737,0.70387,0.0,0.19869,0.09502,5.39501,0.07775,3.42052,16.45468,3.33863,2.06677,0.0,50.82266,4.38756,8.77513
2021-09-01,0.0,5.95238,0.0,0,3.46938,3.16326,2.95918,18.35334,3.08747,0.0,1.7094,5.1282,0.35193,0.0,0.12526,0.10366,14.15057,0.1339,6.63983,19.31637,3.73608,2.46422,0.47694,42.41316,6.39853,8.77513
2021-09-02,0.0,5.95238,0.0,0,2.55102,4.38775,3.2653,26.92967,3.08747,0.0,4.52488,5.02765,0.0,0.0,0.76886,0.07343,7.15303,0.12526,9.05432,17.09062,2.78219,3.17965,0.0,51.73674,7.49542,14.80804
2021-09-03,0.0,0.0,0.0,0,3.2653,4.59183,4.48979,13.89365,5.48885,0.0,14.63046,6.73705,0.60331,0.0,0.64792,0.1339,5.51596,0.12958,7.64587,16.37519,2.46422,2.7027,0.55643,55.21023,4.57038,10.96892
2021-09-04,0.0,0.0,0.0,0,2.44897,3.87755,6.83673,12.34991,3.60205,0.0,5.37958,3.77073,0.0,0.0,0.50105,0.06911,5.29566,0.09502,8.04828,16.69316,3.73608,2.06677,1.11287,49.36014,6.39853,11.33455
2021-09-05,0.0,0.0,0.0,0,3.57142,3.57142,3.57142,7.20411,1.54373,0.0,4.67571,4.12267,0.35193,0.0,0.40602,0.0907,5.35182,0.10798,10.66398,17.09062,4.05405,2.30524,0.39745,57.40402,5.11882,13.1627
2021-09-06,0.0,0.0,0.0,0,2.44897,7.7551,2.44897,6.51801,2.57289,0.0,4.02212,4.02212,0.40221,0.0,0.47946,0.12094,5.64554,0.16413,13.07847,18.60095,2.38473,2.62321,0.0,55.75868,6.94698,14.25959
2021-09-07,0.0,0.0,9.5238,0,2.55102,4.38775,3.46938,7.37564,1.02915,0.0,3.31825,4.57516,0.40221,0.0,0.41034,0.06047,4.96738,0.12526,13.68209,20.03179,3.81558,3.49761,0.47694,58.13528,7.67824,10.42047
2021-09-08,0.0,0.0,0.0,0,2.95918,4.59183,3.36734,7.37564,1.37221,0.0,2.81548,4.32378,0.35193,0.0,0.51401,0.10366,6.7686,0.19869,11.87122,15.73926,2.94117,2.30524,0.39745,53.38208,5.11882,13.52833
2021-09-09,5.95238,0.0,0.0,0,1.63265,3.36734,6.12244,7.54716,0.85763,0.0,3.72046,4.17295,0.30165,0.0,0.99347,0.08638,5.90471,0.17277,11.2676,19.71383,3.02066,3.17965,0.79491,53.93053,6.39853,9.32358
2021-09-10,0.0,0.0,0.0,0,1.93877,2.44897,3.87755,4.11663,2.22984,0.0,1.40774,3.87129,0.65359,0.0,0.85093,0.12094,6.79452,0.08206,10.06036,15.50079,3.10015,2.30524,0.47694,51.37111,5.11882,9.50639
2021-09-11,0.0,0.0,0.0,0,2.95918,3.16326,4.89795,3.94511,2.74442,0.0,1.65912,5.37958,0.0,0.0,0.61768,0.10798,7.00185,0.15982,10.66398,16.13672,4.68998,2.7027,0.47694,56.67276,4.57038,15.35648
2021-09-12,0.0,5.95238,0.0,0,2.14285,4.48979,3.06122,3.77358,1.37221,0.0,2.91603,4.47461,0.95525,0.0,0.61768,0.14686,7.99533,0.21165,16.9014,20.58823,5.08744,1.82829,1.82829,64.16819,5.85009,17.73308
2021-09-13,9.5238,7.14285,0.0,0,2.24489,5.20408,3.97959,3.259,1.20068,0.0,2.71493,4.07239,0.95525,0.0,0.61768,0.09502,8.0774,0.23757,10.46277,20.42925,4.37201,2.22575,0.79491,59.23217,4.75319,11.33455
2021-09-14,13.09523,0.0,0.0,0,1.22448,2.7551,3.87755,6.86106,6.17495,0.0,2.51382,4.07239,0.80442,0.0,0.58312,0.07775,6.69085,0.22893,13.07847,19.63434,3.33863,2.22575,0.39745,60.14625,6.94698,11.51736
2021-09-15,0.0,0.0,0.0,0,3.87755,4.89795,6.73469,8.06174,7.20411,0.0,2.26244,3.4188,1.35746,0.0,0.5788,0.09934,6.66493,0.32396,11.2676,18.124,4.05405,2.46422,0.55643,48.62888,4.20475,7.67824
2021-09-16,0.0,0.0,0.0,0,3.57142,2.7551,4.59183,7.37564,5.66037,0.0,2.86576,4.42433,1.55857,0.0,0.45786,0.21165,6.12068,0.36283,14.0845,15.10333,4.37201,2.7027,0.0,42.41316,5.11882,6.58135
2021-09-17,0.0,0.0,0.0,0,3.36734,4.18367,4.89795,4.28816,4.45969,0.0,2.51382,3.51935,1.15635,0.0,1.07554,0.15118,6.37985,0.22893,11.2676,14.4674,2.86168,3.41812,0.0,43.51005,4.20475,8.95795
2021-09-18,0.0,0.0,0.0,0,2.65306,4.18367,3.46938,3.60205,5.8319,0.0,2.26244,3.16742,1.10608,0.0,1.17057,0.18141,7.21783,0.17277,9.45674,17.09062,10.33386,2.62321,0.79491,48.26325,12.43144,4.02193
2021-09-19,0.0,0.0,0.0,0,4.08163,4.79591,5.30612,1.88679,6.86106,0.0,2.01106,3.06686,1.00553,0.0,0.82069,0.14686,6.84203,0.19869,11.67002,21.14467,18.44197,2.94117,0.55643,56.12431,12.24862,11.33455
2021-09-20,0.0,0.0,0.0,0,2.65306,4.59183,4.79591,2.57289,3.08747,0.0,1.20663,3.46907,1.00553,0.0,0.69111,0.12526,6.28482,0.16845,6.63983,15.50079,6.51828,2.14626,0.0,43.51005,5.48446,8.59232
2021-09-21,0.0,0.0,0.0,0,3.87755,3.77551,5.0,3.43053,3.43053,0.0,1.80995,5.1282,0.70387,0.0,0.74726,0.25052,7.21783,0.1555,7.84708,16.93163,6.04133,1.43084,1.03338,47.7148,9.50639,10.96892
2021-09-22,0.0,0.0,0.0,0,3.06122,5.0,5.71428,2.40137,4.11663,0.0,1.80995,4.77626,1.75967,0.0,1.03667,0.24189,8.51367,0.18141,9.45674,20.50874,6.91573,2.30524,0.79491,63.43692,10.42047,13.1627
2021-09-23,5.95238,0.0,0.0,0,2.04081,4.89795,6.83673,1.54373,6.86106,0.0,1.65912,3.97184,1.10608,0.0,0.81637,0.14254,7.30422,0.17709,8.04828,21.06518,4.61049,3.25914,0.79491,57.95246,6.58135,9.32358
2021-09-24,0.0,0.0,0.0,0,2.24489,5.0,4.28571,2.05831,4.28816,0.0,2.11161,2.91603,0.65359,0.0,0.86389,0.14686,6.26322,0.15982,6.63983,17.17011,5.16693,1.90779,0.63593,49.90859,8.04387,13.34552
2021-09-25,0.0,0.0,0.0,0,1.73469,4.79591,3.87755,1.02915,1.54373,0.0,2.51382,3.46907,1.30718,0.0,2.07334,0.08206,6.7686,0.17709,8.24949,18.04451,3.41812,2.54372,2.14626,50.82266,6.76416,13.34552
2021-09-26,0.0,5.95238,0.0,0,2.34693,2.7551,7.14285,2.74442,1.71526,0.0,1.75967,3.72046,1.20663,0.0,1.4211,0.18573,7.61954,0.20301,7.04225,18.04451,4.84896,3.02066,0.39745,64.351,9.50639,9.87202
2021-09-27,0.0,0.0,0.0,0,2.7551,3.87755,5.91836,3.08747,3.259,0.0,1.86023,4.37405,1.10608,0.0,1.73642,0.12958,6.95866,0.20301,6.03621,15.73926,4.76947,3.17965,0.55643,54.47897,7.31261,13.89396
2021-09-28,0.0,0.0,0.0,0,2.34693,3.77551,5.5102,3.60205,2.57289,0.0,1.40774,4.32378,1.0558,0.0,1.38222,0.18573,6.81612,0.1123,5.83501,16.93163,4.61049,4.84896,0.47694,47.34917,7.31261,12.43144
2021-09-29,0.0,5.95238,0.0,0,1.63265,3.67346,4.28571,3.08747,1.88679,0.0,1.50829,4.37405,0.60331,0.0,1.34335,0.18141,7.68001,0.12526,6.23742,13.593,4.61049,3.97456,0.0,51.91956,8.04387,14.25959
2021-09-30,0.0,0.0,0.0,0,2.24489,3.36734,6.12244,4.63121,0.0,0.0,2.31271,1.96078,1.65912,0.0,1.20513,0.11662,7.15303,0.19005,6.03621,14.22893,5.32591,2.14626,0.79491,54.66179,8.22669,11.88299
2021-10-01,0.0,5.95238,0.0,0,2.34693,2.65306,3.57142,4.80274,4.28816,0.0,1.50829,4.62543,0.8547,0.0,1.37791,0.21597,7.24806,0.15118,5.43259,20.27027,5.00794,2.94117,0.0,53.56489,8.77513,12.97989
2021-10-02,0.0,0.0,0.0,0,2.7551,2.65306,5.10204,3.60205,1.54373,0.0,1.50829,3.36852,0.80442,0.0,1.21808,0.19005,6.9241,0.11662,9.25553,19.31637,3.89507,2.62321,0.71542,49.54296,6.21572,10.60329
2021-10-03,0.0,0.0,0.0,0,2.44897,4.59183,5.30612,3.94511,1.54373,0.0,1.0558,4.12267,1.20663,0.0,1.38222,0.19869,6.83771,0.17277,7.24346,17.64705,4.13354,2.46422,0.71542,49.36014,7.31261,7.67824
2021-10-04,0.0,0.0,0.0,0,3.67346,3.2653,5.0,4.97427,5.31732,0.0,1.55857,4.2735,0.55304,0.0,2.4189,0.2894,7.12712,0.1555,5.6338,21.22416,3.81558,2.46422,0.79491,54.47897,6.39853,13.1627
2021-10-05,0.0,0.0,0.0,0,4.08163,3.87755,4.38775,4.80274,4.28816,0.0,0.80442,4.17295,1.20663,0.0,2.15109,0.25484,7.01049,0.19005,7.24346,40.54054,5.08744,3.25914,1.03338,57.95246,8.22669,15.17367
2021-10-06,0.0,0.0,0.0,0,4.38775,3.46938,6.83673,3.60205,5.8319,0.0,0.55304,4.32378,0.8547,0.0,2.31955,0.28508,6.86795,0.19005,10.06036,49.84101,5.88235,4.61049,1.11287,76.78244,9.14076,13.71115
2021-10-07,0.0,5.95238,0.0,0,3.46938,3.67346,4.59183,6.68953,4.80274,0.0,0.75414,4.47461,0.65359,0.0,3.23528,0.21165,7.14439,0.17277,5.23138,30.68362,6.20031,3.89507,0.79491,64.71663,10.96892,14.44241
2021-10-08,0.0,5.95238,0.0,0,7.95918,2.44897,5.91836,7.71869,4.11663,0.0,0.60331,3.46907,1.30718,0.08206,2.24612,0.12958,6.73836,0.19005,4.62776,24.96025,4.21303,3.89507,0.47694,56.48994,10.7861,12.79707
2021-10-09,0.0,8.33333,0.0,0,3.57142,2.34693,4.79591,3.259,2.22984,0.0,1.50829,4.02212,1.00553,0.0907,2.07766,0.08638,7.88302,0.23757,7.44466,24.00635,5.08744,1.51033,0.95389,55.21023,8.22669,10.60329
2021-10-10,0.0,0.0,0.0,0,4.48979,2.95918,6.63265,2.91595,1.37221,0.0,1.0558,3.72046,1.20663,0.19005,2.0647,0.09934,8.44455,0.19869,5.83501,24.24483,5.24642,2.14626,0.47694,58.13528,5.30164,11.51736
2021-10-11,0.0,0.0,0.0,0,1.83673,3.87755,5.40816,6.00343,5.14579,0.0,1.40774,3.72046,0.60331,0.16413,2.32819,0.19005,7.73184,0.18573,9.65794,27.66295,5.64387,2.38473,3.02066,67.27605,12.06581,10.7861
2021-10-12,0.0,0.0,0.0,0,2.7551,3.57142,3.67346,3.77358,4.97427,0.0,0.90497,3.72046,0.8547,0.10798,2.23316,0.16845,7.17463,0.16845,5.43259,24.64228,5.88235,2.22575,1.51033,55.02742,9.68921,13.89396
2021-10-13,7.14285,0.0,0.0,0,2.85714,6.32653,4.59183,3.43053,4.11663,0.0,0.90497,4.62543,0.75414,0.14254,2.34115,0.30668,7.77072,0.12094,7.24346,24.00635,4.61049,4.37201,1.51033,60.69469,9.32358,11.88299
2021-10-14,5.95238,5.95238,0.0,0,3.06122,3.97959,3.36734,3.43053,4.45969,0.0,0.70387,5.37958,0.60331,0.1339,2.56576,0.19869,7.66705,0.18573,5.6338,22.73449,4.21303,3.5771,1.19236,56.67276,8.77513,12.24862
2021-10-15,0.0,8.33333,0.0,0,2.24489,4.89795,4.69387,3.08747,3.259,0.0,1.00553,3.92156,0.25138,0.28508,2.0431,0.16413,6.82907,0.17709,4.62776,19.55484,2.94117,3.81558,0.79491,48.26325,7.31261,12.79707
2021-10-16,0.0,0.0,0.0,0,3.16326,4.89795,1.83673,3.08747,4.80274,0.0,0.90497,4.47461,0.35193,1.74506,2.89836,0.10366,6.81612,0.23757,3.42052,18.44197,4.45151,1.90779,1.35135,54.47897,11.51736,17.18464
2021-10-17,0.0,0.0,0.0,0,2.65306,3.97959,2.04081,3.60205,3.259,0.0,0.45248,3.26797,0.0,0.54857,2.5312,0.12958,7.15735,0.11662,3.0181,24.32432,3.73608,2.06677,1.27186,70.38391,8.04387,11.70018
2021-10-18,7.14285,0.0,0.0,0,2.85714,5.40816,3.57142,2.91595,2.05831,0.0,0.70387,3.72046,0.75414,0.45354,2.51824,0.09934,7.59794,0.1555,5.83501,17.2496,3.81558,2.46422,0.79491,56.85557,9.68921,11.15173
2021-10-19,0.0,17.85714,0.0,0,3.16326,2.95918,3.97959,3.43053,2.40137,0.0,2.01106,4.77626,0.35193,0.45786,2.77309,0.08638,6.66061,0.19437,5.03018,18.60095,5.96184,2.14626,2.38473,52.468,8.22669,13.34552
2021-10-20,0.0,17.85714,0.0,0,1.93877,3.67346,4.18367,5.48885,0.0,0.0,1.40774,4.12267,0.40221,0.40171,2.4189,0.1123,7.41652,0.09502,5.03018,20.34976,17.32909,2.62321,12.24165,63.25411,13.1627,16.27056
2021-10-21,0.0,0.0,0.0,0,1.93877,2.85714,3.36734,7.54716,1.71526,0.0,1.00553,3.82101,0.0,0.4233,2.2418,0.09502,7.09256,0.23325,3.62173,21.93958,27.66295,1.82829,12.7186,62.88848,14.25959,15.35648
2021-10-22,0.0,0.0,0.0,0,2.04081,3.16326,2.95918,5.31732,1.20068,0.0,1.00553,3.26797,0.65359,0.28508,3.03226,0.1339,6.63902,0.12526,5.6338,32.75039,52.30524,3.41812,32.27344,69.83546,12.43144,13.34552
2021-10-23,0.0,0.0,0.0,0,1.93877,3.2653,5.0,4.28816,1.37221,0.0,0.8547,4.37405,0.25138,0.2462,4.04734,0.14254,7.12712,0.15118,4.42655,21.93958,11.36724,2.78219,7.07472,63.80255,8.59232,12.97989
2021-10-24,0.0,8.33333,0.0,0,1.32653,3.2653,5.71428,2.40137,1.37221,0.0,0.75414,3.21769,0.50276,0.22893,3.79249,0.1555,7.55474,0.12526,8.04828,21.62162,9.45945,3.17965,5.32591,73.8574,10.7861,12.79707
2021-10-25,0.0,0.0,0.0,0,1.22448,2.7551,4.38775,8.06174,1.54373,0.0,0.65359,3.21769,0.35193,0.20733,4.151,0.12526,7.90462,0.21165,5.83501,23.52941,9.14149,5.00794,3.49761,70.93235,10.05484,11.88299
2021-10-26,5.95238,0.0,0.0,0,1.93877,3.77551,6.53061,16.63807,3.08747,0.0,0.50276,5.48014,0.35193,0.16413,4.29355,0.25052,8.74692,0.23757,8.4507,18.52146,6.59777,4.05405,2.62321,64.53382,9.68921,13.71115
2021-10-27,0.0,5.95238,0.0,0,3.06122,3.2653,3.67346,9.77701,5.31732,0.0,0.65359,5.88235,0.35193,0.2462,3.22232,0.1555,9.12703,0.41466,6.63983,21.30365,8.42607,3.17965,3.41812,72.21206,8.77513,16.63619
2021-10-28,0.0,11.90476,0.0,0,1.73469,2.44897,2.65306,8.74785,2.74442,0.0,0.60331,4.67571,0.0,0.25052,2.7515,0.08206,8.76851,0.18141,5.03018,18.04451,7.71065,2.86168,2.7027,70.56672,7.31261,15.17367
2021-10-29,0.0,0.0,0.0,0,2.04081,1.93877,3.97959,7.54716,3.60205,0.0,0.45248,5.53041,0.0,0.18573,2.69966,0.0907,7.59794,0.22461,4.82897,18.91891,5.48489,1.82829,3.41812,63.07129,5.66727,8.59232
2021-10-30,0.0,0.0,0.0,0,1.22448,3.2653,2.95918,6.00343,1.88679,0.0,0.40221,3.92156,0.25138,0.16413,2.63487,0.0907,7.58066,0.18573,6.23742,15.97774,5.80286,2.06677,3.5771,68.73857,8.4095,10.05484
2021-10-31,0.0,0.0,0.0,0,1.73469,4.08163,3.16326,8.4048,1.71526,0.0,0.40221,5.37958,0.25138,0.13822,2.77741,0.0907,7.84415,0.25052,4.62776,17.96502,5.00794,2.38473,4.531,67.27605,7.67824,7.67824
2021-11-01,0.0,5.95238,0.0,0,1.83673,2.55102,5.0,6.34648,6.34648,0.0,0.55304,4.52488,0.0,0.2462,3.06682,0.11662,7.46404,0.09934,4.22535,18.04451,7.55166,3.73608,3.89507,68.73857,6.0329,12.79707
2021-11-02,0.0,5.95238,0.0,0,1.53061,2.95918,5.40816,6.34648,4.63121,0.0,0.95525,5.22875,0.25138,0.22461,3.25687,0.12094,9.61945,0.06479,3.42052,16.2957,4.92845,1.98728,3.10015,67.82449,8.59232,13.52833
2021-11-03,0.0,9.5238,0.0,0,1.93877,4.28571,5.20408,5.14579,2.57289,0.0,0.90497,4.37405,0.0,0.1339,2.80333,0.08638,8.81171,0.0907,4.02414,15.58028,4.76947,4.37201,2.86168,79.52468,6.39853,16.45338
2021-11-04,0.0,0.0,0.0,0,3.16326,3.46938,5.10204,6.34648,2.05831,0.0,0.35193,3.82101,0.0,0.22893,2.76877,0.0907,9.0536,0.12526,3.0181,17.96502,5.16693,2.78219,2.14626,78.24497,8.22669,10.96892
2021-11-05,0.0,0.0,0.0,0,1.73469,2.55102,5.40816,4.28816,1.37221,0.0,0.70387,3.4188,0.0,0.22461,2.51393,0.04751,7.98237,0.06911,4.22535,18.60095,4.84896,2.78219,3.02066,61.24314,5.85009,9.87202
2021-11-06,0.0,5.95238,0.0,0,1.32653,1.12244,3.87755,3.259,0.85763,0.0,0.25138,3.77073,0.0,0.1555,3.84864,0.09934,13.63224,0.08206,3.62173,17.17011,3.25914,3.33863,2.62321,61.79159,7.31261,14.62522
2021-11-07,0.0,0.0,0.0,0,0.91836,1.93877,4.69387,4.11663,1.02915,0.0,0.65359,13.57466,0.0,0.19869,5.04081,0.1339,36.78026,0.09934,8.24949,19.55484,5.96184,1.90779,2.54372,72.94332,6.21572,11.51736
2021-11-08,0.0,7.14285,0.0,0,1.83673,1.42857,3.57142,4.80274,0.0,0.0,0.80442,6.23428,0.0,0.15982,6.00837,0.17277,28.81085,0.08206,5.03018,24.00635,4.531,3.10015,3.33863,68.19012,7.67824,17.00182
2021-11-09,0.0,0.0,0.0,0,2.24489,0.81632,4.28571,3.60205,1.20068,0.0,0.45248,5.07792,0.0,0.18141,4.95011,0.12526,16.83296,0.0907,5.83501,18.44197,5.72337,2.62321,2.22575,67.64168,5.66727,20.2925
2021-11-10,0.0,0.0,0.0,0,1.63265,3.16326,4.18367,2.74442,1.02915,0.0,0.8547,4.12267,0.0,0.18141,4.80324,0.07775,9.29117,0.1123,6.23742,20.9062,5.48489,2.7027,2.78219,57.2212,2.74223,12.61425
2021-11-11,0.0,0.0,0.0,0,2.14285,1.12244,4.69387,3.08747,1.02915,0.0,0.65359,4.47461,0.0,0.14686,4.6823,0.11662,8.42728,0.09934,4.42655,18.44197,4.29252,2.78219,1.11287,65.44789,6.39853,12.61425
2021-11-12,0.0,0.0,0.0,0,2.24489,1.0204,3.67346,4.11663,2.74442,0.0,0.60331,5.1282,0.0,0.22029,3.79681,0.06479,8.86786,0.1339,4.42655,18.04451,5.00794,2.78219,2.46422,62.88848,4.57038,10.7861
2021-11-13,0.0,0.0,0.0,0,2.44897,1.93877,6.32653,4.63121,1.71526,0.0,0.55304,3.92156,0.0,0.1339,3.54196,0.09934,8.71668,0.10366,4.22535,21.62162,4.68998,2.38473,1.27186,66.54478,6.21572,10.60329
